Ville;Latitude;Longitude;Date;weathercode;temperature_2m_max;temperature_2m_min;apparent_temperature_max;apparent_temperature_min;sunrise;sunset;uv_index_max;uv_index_clear_sky_max;precipitation_sum;rain_sum;showers_sum;snowfall_sum;precipitation_hours;precipitation_probability_max;windspeed_10m_max;windgusts_10m_max;winddirection_10m_dominant;shortwave_radiation_sum
BREST;48.39;-4.48;28/05/2026;3;27.1;16.8;28.4;15.8;06:23;22:06;6.45;7.3;0.0;0.0;0.0;0.0;0.0;3;16.8;31.0;188;26.93
BREST;48.39;-4.48;29/05/2026;3;21.2;15.3;19.8;14.1;06:23;22:07;4.75;7.35;0.0;0.0;0.0;0.0;0.0;3;20.1;40.0;7;17.76
BREST;48.39;-4.48;30/05/2026;3;23.8;14.4;21.3;12.9;06:22;22:08;7.2;7.3;0.0;0.0;0.0;0.0;0.0;3;17.6;35.3;358;29.21
BREST;48.39;-4.48;31/05/2026;3;21.2;15.0;19.3;14.2;06:21;22:09;7.3;7.3;0.0;0.0;0.0;0.0;0.0;5;17.3;35.3;270;21.41
BREST;48.39;-4.48;01/06/2026;53;20.5;15.5;19.7;14.7;06:20;22:10;2.2;7.15;3.15;1.2;1.95;0.0;6.0;55;23.6;46.4;214;19.67
BREST;48.39;-4.48;02/06/2026;53;16.6;13.6;14.9;11.2;06:20;22:11;6.5;6.95;9.0;6.0;3.0;0.0;24.0;45;29.7;63.0;267;24.87
BREST;48.39;-4.48;03/06/2026;53;17.0;13.2;12.4;10.0;06:19;22:12;5.1;7.0;9.0;3.0;6.0;0.0;21.0;41;36.2;78.8;241;16.02
BREST;48.39;-4.48;04/06/2026;53;14.9;12.5;11.5;9.6;06:19;22:13;5.0;6.8;8.4;2.7;5.7;0.0;24.0;37;28.2;72.0;272;21.66
BREST;48.39;-4.48;05/06/2026;51;13.7;11.2;11.3;9.2;06:18;22:14;5.15;6.8;1.5;0.3;1.2;0.0;15.0;66;22.5;55.8;275;18.82
BREST;48.39;-4.48;06/06/2026;51;16.2;9.6;15.6;8.7;06:18;22:15;5.85;7.0;3.0;0.6;2.4;0.0;12.0;40;18.0;38.5;33;26.64
BREST;48.39;-4.48;07/06/2026;3;16.2;10.6;13.3;8.1;06:17;22:15;6.7;6.95;0.0;0.0;0.0;0.0;0.0;32;26.3;53.6;3;24.28
BREST;48.39;-4.48;08/06/2026;51;17.5;12.2;15.4;9.2;06:17;22:16;5.05;6.85;1.2;1.2;0.0;0.0;12.0;23;23.7;52.9;319;28.32
BREST;48.39;-4.48;09/06/2026;51;17.4;13.1;16.4;11.5;06:17;22:17;6.9;6.9;1.8;0.6;1.2;0.0;18.0;26;18.0;44.6;244;19.75
BREST;48.39;-4.48;10/06/2026;3;16.8;12.2;15.7;11.6;06:16;22:18;1.0;6.8;0.0;0.0;0.0;0.0;0.0;16;13.4;34.2;239;24.14
BREST;48.39;-4.48;11/06/2026;51;18.1;12.4;16.3;12.2;06:16;22:18;5.1;6.95;1.2;0.0;1.2;0.0;12.0;19;20.8;46.8;193;19.98
BREST;48.39;-4.48;12/06/2026;3;19.1;12.2;16.9;9.6;06:16;22:19;6.85;6.85;0.0;0.0;0.0;0.0;0.0;20;29.5;39.6;21;30.2
RENNES;48.11;-1.67;28/05/2026;3;34.6;20.6;34.7;21.3;06:13;21:54;6.7;7.25;0.0;0.0;0.0;0.0;0.0;5;13.6;30.6;132;27.62
RENNES;48.11;-1.67;29/05/2026;3;29.1;17.7;29.1;17.4;06:12;21:55;6.95;7.3;0.0;0.0;0.0;0.0;0.0;0;18.4;36.7;356;23.56
RENNES;48.11;-1.67;30/05/2026;3;27.4;17.7;26.3;15.8;06:12;21:56;6.75;7.25;0.0;0.0;0.0;0.0;0.0;3;20.1;36.0;356;24.69
RENNES;48.11;-1.67;31/05/2026;3;25.6;16.1;24.8;14.7;06:11;21:57;5.2;7.15;0.0;0.0;0.0;0.0;0.0;8;20.9;37.4;333;21.2
RENNES;48.11;-1.67;01/06/2026;3;27.9;15.7;28.3;15.7;06:10;21:58;6.05;7.3;0.0;0.0;0.0;0.0;0.0;32;18.7;38.2;226;27.25
RENNES;48.11;-1.67;02/06/2026;61;20.0;15.6;17.8;13.7;06:10;21:59;3.9;6.75;7.2;1.5;5.7;0.0;18.0;52;21.2;51.1;255;24.57
RENNES;48.11;-1.67;03/06/2026;51;19.9;12.8;17.9;11.4;06:09;22:00;4.55;6.8;1.8;1.2;0.6;0.0;12.0;45;27.7;72.4;228;14.18
RENNES;48.11;-1.67;04/06/2026;55;16.0;12.9;14.7;10.3;06:09;22:01;4.25;6.8;9.3;1.2;8.1;0.0;15.0;45;21.7;65.2;236;20.67
RENNES;48.11;-1.67;05/06/2026;51;18.2;11.2;17.0;9.6;06:08;22:01;6.15;6.8;2.1;0.0;2.1;0.0;9.0;68;15.4;48.6;247;21.26
RENNES;48.11;-1.67;06/06/2026;51;17.5;9.4;17.7;9.2;06:08;22:02;6.25;6.9;1.8;0.6;1.2;0.0;12.0;43;17.3;37.1;358;24.02
RENNES;48.11;-1.67;07/06/2026;55;14.8;11.4;12.4;8.3;06:07;22:03;6.45;6.9;14.1;4.8;9.3;0.0;15.0;30;27.4;58.0;6;10.31
RENNES;48.11;-1.67;08/06/2026;55;17.3;12.6;15.0;9.3;06:07;22:04;3.45;6.9;8.7;4.8;3.9;0.0;21.0;16;27.0;58.3;328;15.71
RENNES;48.11;-1.67;09/06/2026;51;17.9;10.2;16.5;8.7;06:07;22:04;4.9;6.8;1.5;0.6;0.9;0.0;15.0;23;16.7;46.8;223;13.8
RENNES;48.11;-1.67;10/06/2026;51;19.0;12.4;18.0;12.2;06:06;22:05;1.95;6.75;0.3;0.0;0.3;0.0;3.0;20;11.9;39.2;232;19.71
RENNES;48.11;-1.67;11/06/2026;3;22.4;11.4;22.8;11.5;06:06;22:06;3.05;6.85;0.0;0.0;0.0;0.0;0.0;19;7.7;23.0;190;19.74
RENNES;48.11;-1.67;12/06/2026;51;18.2;13.1;16.7;11.4;06:06;22:06;2.8;6.8;0.6;0.6;0.0;0.0;6.0;16;18.4;37.4;20;5.33
CHERBOURG;49.63;-1.62;28/05/2026;3;30.1;18.5;32.5;19.5;06:07;22:00;6.25;7.05;0.0;0.0;0.0;0.0;0.0;10;10.7;24.1;170;23.72
CHERBOURG;49.63;-1.62;29/05/2026;3;18.8;15.0;19.2;15.2;06:06;22:01;5.9;7.05;0.0;0.0;0.0;0.0;0.0;3;9.4;22.7;345;19.17
CHERBOURG;49.63;-1.62;30/05/2026;3;20.3;13.8;20.0;13.4;06:05;22:02;6.55;7.0;0.0;0.0;0.0;0.0;0.0;3;19.7;38.9;323;24.59
CHERBOURG;49.63;-1.62;31/05/2026;3;18.1;14.6;16.0;12.8;06:04;22:03;6.5;6.95;0.0;0.0;0.0;0.0;0.0;5;29.5;56.9;268;17.68
CHERBOURG;49.63;-1.62;01/06/2026;80;18.0;14.4;14.8;12.0;06:03;22:04;5.85;7.05;1.8;0.6;1.5;0.0;9.0;62;34.4;76.0;232;10.15
CHERBOURG;49.63;-1.62;02/06/2026;80;16.9;14.2;13.5;10.1;06:03;22:05;5.7;6.45;1.2;0.45;0.6;0.0;6.0;58;45.5;74.9;253;19.56
CHERBOURG;49.63;-1.62;03/06/2026;3;17.8;14.0;18.3;10.0;06:02;22:06;2.6;6.55;1.2;0.9;0.3;0.0;3.0;56;34.7;66.6;264;13.45
CHERBOURG;49.63;-1.62;04/06/2026;3;16.6;14.2;12.2;9.1;06:02;22:07;6.25;6.6;0.9;0.0;0.9;0.0;6.0;58;44.4;70.6;250;19.93
CHERBOURG;49.63;-1.62;05/06/2026;51;15.7;11.3;13.4;9.5;06:01;22:08;4.8;6.55;2.25;0.9;1.35;0.0;24.0;67;20.5;48.1;253;21.75
CHERBOURG;49.63;-1.62;06/06/2026;51;15.1;10.0;14.9;8.5;06:01;22:09;6.65;6.7;2.1;0.9;1.2;0.0;15.0;47;10.5;33.5;310;26.14
CHERBOURG;49.63;-1.62;07/06/2026;51;15.7;11.5;13.0;9.8;06:00;22:10;6.25;6.7;0.9;0.6;0.3;0.0;9.0;31;23.4;49.7;17;17.6
CHERBOURG;49.63;-1.62;08/06/2026;51;16.5;13.7;13.3;11.0;06:00;22:11;6.55;6.65;1.8;0.9;0.9;0.0;12.0;33;28.4;58.3;325;22.45
CHERBOURG;49.63;-1.62;09/06/2026;51;17.7;12.7;16.9;10.0;05:59;22:11;6.4;6.65;1.5;0.9;0.6;0.0;15.0;25;21.6;50.4;258;21.17
CHERBOURG;49.63;-1.62;10/06/2026;3;17.1;12.8;15.4;11.3;05:59;22:12;5.9;6.75;0.0;0.0;0.0;0.0;0.0;31;17.3;38.2;261;23.08
CHERBOURG;49.63;-1.62;11/06/2026;3;20.3;11.7;19.6;10.5;05:59;22:13;0.45;6.45;0.0;0.0;0.0;0.0;0.0;24;16.7;38.2;180;22.28
CHERBOURG;49.63;-1.62;12/06/2026;3;18.2;11.5;16.8;10.3;05:58;22:13;6.7;6.7;0.0;0.0;0.0;0.0;0.0;;23.2;33.8;46;28.58
ROUEN;49.44;1.1;28/05/2026;3;32.5;20.6;34.9;21.8;05:57;21:48;6.85;7.0;0.0;0.0;0.0;0.0;0.0;20;11.0;32.8;119;25.3
ROUEN;49.44;1.1;29/05/2026;3;30.7;21.5;34.2;22.0;05:56;21:49;6.55;7.1;0.0;0.0;0.0;0.0;0.0;10;12.2;29.5;348;24.67
ROUEN;49.44;1.1;30/05/2026;80;30.9;18.2;34.1;17.8;05:55;21:50;6.65;7.05;0.0;0.0;0.4;0.0;0.0;3;16.8;41.8;310;23.37
ROUEN;49.44;1.1;31/05/2026;3;19.3;14.6;18.3;14.1;05:54;21:51;6.0;7.05;0.1;0.0;0.0;0.0;1.0;14;19.4;41.8;284;14.37
ROUEN;49.44;1.1;01/06/2026;61;19.0;13.9;17.2;13.7;05:53;21:53;5.75;7.05;0.3;0.3;1.2;0.0;3.0;49;17.2;36.4;229;14.86
ROUEN;49.44;1.1;02/06/2026;95;18.4;14.7;17.1;12.2;05:53;21:54;5.15;6.45;7.5;0.9;9.45;0.0;24.0;80;32.1;70.6;254;18.57
ROUEN;49.44;1.1;03/06/2026;80;20.4;13.5;18.5;10.8;05:52;21:54;2.45;6.6;5.7;0.9;4.8;0.0;18.0;64;26.2;48.2;252;16.67
ROUEN;49.44;1.1;04/06/2026;80;18.8;14.4;17.3;10.3;05:52;21:55;5.0;6.55;2.1;0.0;2.4;0.0;9.0;70;33.6;63.7;241;18.47
ROUEN;49.44;1.1;05/06/2026;51;16.5;10.6;14.4;9.0;05:51;21:56;4.45;6.5;2.7;1.35;1.35;0.0;18.0;72;15.7;42.8;231;18.43
ROUEN;49.44;1.1;06/06/2026;51;17.7;10.5;17.6;10.0;05:51;21:57;6.1;6.6;1.2;0.6;0.6;0.0;9.0;51;14.8;29.5;308;23.51
ROUEN;49.44;1.1;07/06/2026;53;16.8;11.7;15.6;9.2;05:50;21:58;2.8;6.6;7.5;4.8;2.7;0.0;21.0;27;19.7;51.8;24;11.35
ROUEN;49.44;1.1;08/06/2026;63;14.4;11.8;12.8;7.9;05:50;21:59;5.35;6.7;74.4;48.3;26.1;0.0;24.0;32;30.2;66.6;303;2.31
ROUEN;49.44;1.1;09/06/2026;51;17.6;11.2;16.1;10.0;05:49;21:59;3.05;6.5;1.8;0.6;1.2;0.0;18.0;28;15.0;43.9;258;22.69
ROUEN;49.44;1.1;10/06/2026;51;18.8;13.4;17.9;13.1;05:49;22:00;5.75;6.7;2.7;1.5;1.2;0.0;9.0;30;11.9;31.7;252;17.5
ROUEN;49.44;1.1;11/06/2026;3;22.0;12.0;22.4;11.3;05:49;22:01;2.7;6.5;0.0;0.0;0.0;0.0;0.0;31;9.2;25.6;157;22.56
ROUEN;49.44;1.1;12/06/2026;61;16.4;12.5;16.8;10.8;05:48;22:01;0.9;6.65;6.9;6.9;0.0;0.0;12.0;;21.4;44.6;29;2.13
PARIS;48.85;2.35;28/05/2026;3;33.1;21.0;34.3;22.1;05:54;21:41;7.15;7.2;0.0;0.0;0.0;0.0;0.0;23;9.2;20.2;113;27.64
PARIS;48.85;2.35;29/05/2026;3;33.6;21.7;34.9;22.9;05:53;21:42;6.9;7.25;0.0;0.0;0.0;0.0;0.0;3;9.1;22.0;157;26.79
PARIS;48.85;2.35;30/05/2026;3;34.0;21.4;36.5;22.2;05:53;21:43;7.2;7.25;0.0;0.0;0.0;0.0;0.0;8;10.7;26.3;265;24.37
PARIS;48.85;2.35;31/05/2026;3;25.9;16.6;27.4;15.5;05:52;21:44;6.25;7.2;0.1;0.0;0.0;0.0;1.0;8;17.9;39.2;298;17.76
PARIS;48.85;2.35;01/06/2026;3;22.2;14.3;20.0;13.4;05:51;21:45;6.4;7.25;0.0;0.0;0.0;0.0;0.0;13;16.4;39.2;247;17.84
PARIS;48.85;2.35;02/06/2026;80;22.0;16.3;19.3;15.4;05:50;21:46;5.3;6.7;12.15;8.4;6.6;0.0;9.0;84;22.6;57.6;245;17.4
PARIS;48.85;2.35;03/06/2026;3;21.9;14.3;19.2;12.4;05:50;21:47;5.75;6.85;0.0;0.0;0.0;0.0;0.0;45;20.1;49.0;253;17.22
PARIS;48.85;2.35;04/06/2026;80;20.3;15.7;17.8;11.3;05:49;21:48;5.45;6.75;5.7;0.0;5.7;0.0;12.0;54;24.2;61.9;232;16.97
PARIS;48.85;2.35;05/06/2026;51;19.2;11.7;18.1;9.7;05:49;21:48;5.1;6.7;2.1;0.9;1.2;0.0;15.0;44;15.0;39.6;229;21.29
PARIS;48.85;2.35;06/06/2026;51;20.0;12.1;20.0;12.2;05:48;21:49;6.1;6.7;0.9;0.3;0.6;0.0;9.0;37;8.0;31.3;183;23.88
PARIS;48.85;2.35;07/06/2026;63;19.1;13.8;19.6;12.7;05:48;21:50;5.45;6.9;21.9;11.1;10.8;0.0;21.0;21;13.8;37.4;24;8.57
PARIS;48.85;2.35;08/06/2026;63;16.2;13.1;16.2;10.8;05:47;21:51;6.3;6.8;22.5;14.1;8.4;0.0;21.0;17;21.3;55.1;263;14.59
PARIS;48.85;2.35;09/06/2026;51;18.6;11.9;17.0;10.5;05:47;21:52;5.5;6.75;0.6;0.6;0.0;0.0;6.0;24;14.2;46.8;246;16.33
PARIS;48.85;2.35;10/06/2026;51;20.6;13.6;20.5;13.0;05:47;21:52;5.45;6.8;1.2;1.2;0.0;0.0;12.0;29;11.1;31.3;236;20.19
PARIS;48.85;2.35;11/06/2026;3;23.6;13.8;25.0;14.0;05:47;21:53;4.2;6.75;0.0;0.0;0.0;0.0;0.0;22;6.9;19.8;110;24.51
PARIS;48.85;2.35;12/06/2026;3;19.9;14.7;20.0;14.7;05:46;21:53;3.5;6.75;0.0;0.0;0.0;0.0;0.0;;17.1;33.5;12;11.44
LILLE;50.62;3.05;28/05/2026;51;30.4;17.6;32.5;14.8;05:43;21:46;6.8;6.9;0.2;0.2;0.0;0.0;1.0;22;15.8;32.8;100;25.08
LILLE;50.62;3.05;29/05/2026;3;31.8;22.9;31.6;22.6;05:43;21:47;6.6;7.0;0.0;0.0;0.0;0.0;0.0;15;17.6;41.4;186;17.75
LILLE;50.62;3.05;30/05/2026;51;31.7;19.2;34.8;20.3;05:42;21:48;6.95;7.0;0.3;0.3;0.0;0.0;1.0;57;16.2;52.6;52;23.83
LILLE;50.62;3.05;31/05/2026;53;22.3;15.6;20.7;14.1;05:41;21:49;5.95;6.95;2.1;1.7;0.4;0.0;6.0;37;19.9;45.7;262;17.85
LILLE;50.62;3.05;01/06/2026;51;22.3;13.6;21.0;12.8;05:40;21:50;5.95;6.95;0.3;0.0;0.3;0.0;3.0;25;15.3;37.1;249;17.66
LILLE;50.62;3.05;02/06/2026;61;19.5;14.4;18.9;12.1;05:39;21:51;4.45;6.5;9.6;1.5;8.1;0.0;12.0;81;24.1;54.7;228;18.31
LILLE;50.62;3.05;03/06/2026;53;19.1;13.8;14.8;11.3;05:39;21:52;5.55;6.65;4.8;0.9;3.9;0.0;18.0;78;27.2;72.4;221;16.76
LILLE;50.62;3.05;04/06/2026;51;17.5;13.4;14.4;10.6;05:38;21:53;5.2;6.55;3.3;1.5;1.8;0.0;21.0;89;24.0;59.0;226;17.01
LILLE;50.62;3.05;05/06/2026;53;16.2;12.0;15.0;9.8;05:37;21:54;4.65;6.5;4.5;2.7;1.8;0.0;15.0;61;19.0;44.6;221;19.44
LILLE;50.62;3.05;06/06/2026;51;19.2;11.6;19.3;11.1;05:37;21:55;5.35;6.5;2.7;1.5;1.2;0.0;15.0;38;9.4;27.7;234;25.12
LILLE;50.62;3.05;07/06/2026;61;16.4;12.8;15.0;11.4;05:36;21:56;2.8;6.65;21.0;8.1;12.9;0.0;21.0;35;20.7;41.0;21;6.61
LILLE;50.62;3.05;08/06/2026;61;19.7;12.7;17.1;9.0;05:36;21:57;4.95;6.6;26.7;13.2;13.5;0.0;24.0;25;30.2;69.1;28;18.24
LILLE;50.62;3.05;09/06/2026;61;18.0;11.3;17.1;8.0;05:36;21:58;3.65;6.5;6.9;5.1;1.8;0.0;15.0;27;29.3;63.0;275;24.73
LILLE;50.62;3.05;10/06/2026;51;18.7;12.1;17.8;10.9;05:35;21:58;5.4;6.65;2.4;0.6;1.8;0.0;12.0;36;12.4;35.3;230;16.35
LILLE;50.62;3.05;11/06/2026;3;22.0;11.5;23.1;10.9;05:35;21:59;5.1;6.55;0.0;0.0;0.0;0.0;0.0;29;7.1;28.1;174;24.25
LILLE;50.62;3.05;12/06/2026;51;17.3;13.1;19.0;10.8;05:35;22:00;1.1;6.6;1.2;1.2;0.0;0.0;9.0;;20.8;41.8;19;2.87
BOULOGNE-SUR-MER;50.726;1.614;28/05/2026;80;31.1;18.5;32.8;16.6;05:49;21:52;6.9;6.9;0.2;0.0;0.2;0.0;2.0;3;17.0;36.0;127;25.18
BOULOGNE-SUR-MER;50.726;1.614;29/05/2026;3;23.8;18.9;24.4;18.7;05:48;21:53;5.4;6.9;0.0;0.0;0.0;0.0;0.0;5;13.7;30.2;199;17.58
BOULOGNE-SUR-MER;50.726;1.614;30/05/2026;3;24.8;16.5;26.2;16.9;05:47;21:54;6.8;6.95;0.0;0.0;0.0;0.0;0.0;10;12.8;24.5;328;24.47
BOULOGNE-SUR-MER;50.726;1.614;31/05/2026;3;17.7;15.4;17.0;12.8;05:46;21:55;4.9;6.85;0.0;0.0;0.0;0.0;0.0;8;26.1;49.3;251;13.36
BOULOGNE-SUR-MER;50.726;1.614;01/06/2026;95;16.5;14.7;13.9;12.0;05:45;21:56;6.1;6.9;1.2;0.9;2.1;0.0;9.0;59;31.6;60.5;230;10.71
BOULOGNE-SUR-MER;50.726;1.614;02/06/2026;80;16.2;14.5;13.5;9.8;05:45;21:58;6.4;6.45;4.2;1.2;4.5;0.0;15.0;69;41.9;72.4;242;20.91
BOULOGNE-SUR-MER;50.726;1.614;03/06/2026;80;16.9;14.2;17.3;9.7;05:44;21:59;5.8;6.6;6.6;0.9;6.0;0.0;12.0;49;36.4;61.2;243;22.74
BOULOGNE-SUR-MER;50.726;1.614;04/06/2026;80;16.3;14.7;15.4;10.1;05:43;22:00;6.25;6.5;3.6;0.0;3.6;0.0;15.0;58;39.2;70.9;242;19.92
BOULOGNE-SUR-MER;50.726;1.614;05/06/2026;53;15.6;12.6;13.0;9.6;05:43;22:00;5.75;6.35;6.15;1.2;4.95;0.0;21.0;53;26.2;58.3;234;24.57
BOULOGNE-SUR-MER;50.726;1.614;06/06/2026;53;15.4;11.9;14.9;10.5;05:42;22:01;6.5;6.45;4.8;2.4;2.4;0.0;12.0;43;14.4;41.0;236;26.46
BOULOGNE-SUR-MER;50.726;1.614;07/06/2026;51;15.8;11.5;13.2;10.6;05:42;22:02;2.05;6.4;2.7;1.8;0.9;0.0;15.0;35;29.2;60.5;28;9.69
BOULOGNE-SUR-MER;50.726;1.614;08/06/2026;63;14.2;12.9;10.7;6.5;05:41;22:03;6.4;6.55;52.8;32.4;20.4;0.0;24.0;35;52.8;104.8;353;6.35
BOULOGNE-SUR-MER;50.726;1.614;09/06/2026;51;15.7;12.0;14.9;8.4;05:41;22:04;3.5;6.5;0.9;0.6;0.3;0.0;3.0;37;31.2;85.7;267;27.57
BOULOGNE-SUR-MER;50.726;1.614;10/06/2026;3;16.1;12.5;14.3;10.9;05:40;22:05;6.65;6.55;0.0;0.0;0.0;0.0;0.0;29;20.3;46.1;225;23.88
BOULOGNE-SUR-MER;50.726;1.614;11/06/2026;3;19.4;12.2;20.0;11.3;05:40;22:05;6.55;6.6;0.0;0.0;0.0;0.0;0.0;27;10.4;36.4;239;24.76
BOULOGNE-SUR-MER;50.726;1.614;12/06/2026;3;16.0;11.5;14.7;9.3;05:40;22:06;3.5;6.5;0.0;0.0;0.0;0.0;0.0;;31.0;41.0;34;18.59
REIMS;49.25;4.03;28/05/2026;3;30.2;16.5;31.7;17.3;05:46;21:36;7.1;7.1;0.0;0.0;0.0;0.0;0.0;0;8.0;19.8;72;27.97
REIMS;49.25;4.03;29/05/2026;3;32.1;17.5;34.5;18.8;05:45;21:37;6.75;7.15;0.0;0.0;0.0;0.0;0.0;0;6.8;16.9;179;27.03
REIMS;49.25;4.03;30/05/2026;3;32.4;19.8;35.4;21.8;05:44;21:38;6.45;7.1;0.0;0.0;0.0;0.0;0.0;13;11.3;29.9;244;25.93
REIMS;49.25;4.03;31/05/2026;61;23.1;16.3;24.8;16.1;05:43;21:39;6.45;7.1;0.0;0.0;0.3;0.0;0.0;25;20.3;43.2;289;20.77
REIMS;49.25;4.03;01/06/2026;61;20.5;12.6;19.3;11.7;05:43;21:40;6.75;7.15;0.0;0.0;0.3;0.0;0.0;16;12.7;38.2;244;17.83
REIMS;49.25;4.03;02/06/2026;80;20.2;15.2;17.2;13.8;05:42;21:41;4.55;6.55;12.3;9.15;4.95;0.0;12.0;77;26.8;55.1;236;13.24
REIMS;49.25;4.03;03/06/2026;3;21.0;13.4;18.0;10.9;05:41;21:42;6.0;6.75;0.0;0.0;0.0;0.0;0.0;60;24.6;45.7;243;16.91
REIMS;49.25;4.03;04/06/2026;80;19.7;14.2;17.1;11.0;05:41;21:43;6.2;6.65;2.4;0.0;2.4;0.0;12.0;69;26.1;62.6;228;16.77
REIMS;49.25;4.03;05/06/2026;51;18.9;11.1;17.6;9.0;05:40;21:44;5.45;6.6;2.85;1.35;1.5;0.0;18.0;60;15.0;37.4;228;23.1
REIMS;49.25;4.03;06/06/2026;53;19.2;11.9;18.8;12.0;05:40;21:45;5.85;6.7;5.1;1.2;3.9;0.0;9.0;36;7.0;24.1;149;20.0
REIMS;49.25;4.03;07/06/2026;53;20.1;14.1;21.1;13.8;05:39;21:45;6.9;6.85;12.0;9.0;3.0;0.0;18.0;28;16.9;30.6;107;14.59
REIMS;49.25;4.03;08/06/2026;51;18.6;12.3;18.0;8.0;05:39;21:46;5.3;6.75;2.7;1.5;1.2;0.0;15.0;20;33.6;73.8;211;24.95
REIMS;49.25;4.03;09/06/2026;51;17.4;11.6;16.6;7.7;05:38;21:47;5.25;6.75;3.6;1.8;1.8;0.0;18.0;25;25.1;68.0;259;19.86
REIMS;49.25;4.03;10/06/2026;51;20.8;11.5;20.9;10.4;05:38;21:48;4.7;6.7;2.7;2.1;0.6;0.0;15.0;33;10.9;30.2;227;25.4
REIMS;49.25;4.03;11/06/2026;3;24.2;13.1;26.5;13.4;05:38;21:48;4.7;6.75;0.0;0.0;0.0;0.0;0.0;22;5.5;21.2;92;27.55
REIMS;49.25;4.03;12/06/2026;51;20.5;13.2;21.8;13.6;05:38;21:49;5.55;6.7;2.4;0.0;2.4;0.0;12.0;;14.5;26.6;1;22.11
METZ;49.11;6.17;28/05/2026;1;29.2;16.3;29.2;16.2;05:38;21:26;6.8;6.8;0.0;0.0;0.0;0.0;0.0;0;12.2;26.6;24;28.02
METZ;49.11;6.17;29/05/2026;3;31.8;15.6;32.1;15.2;05:37;21:28;6.85;6.85;0.0;0.0;0.0;0.0;0.0;3;8.6;15.5;52;27.74
METZ;49.11;6.17;30/05/2026;3;33.5;19.1;35.7;19.5;05:36;21:29;6.85;6.85;0.0;0.0;0.0;0.0;0.0;20;8.4;22.7;233;24.62
METZ;49.11;6.17;31/05/2026;80;26.6;17.2;26.1;16.1;05:35;21:30;5.8;6.7;0.6;0.0;0.4;0.0;2.0;35;22.1;52.2;274;20.39
METZ;49.11;6.17;01/06/2026;3;21.8;14.4;19.3;14.1;05:35;21:31;6.35;6.85;0.0;0.0;0.0;0.0;0.0;11;15.0;40.0;256;18.6
METZ;49.11;6.17;02/06/2026;80;19.0;15.5;17.6;14.4;05:34;21:32;2.25;6.25;4.95;1.65;5.55;0.0;12.0;89;24.7;48.2;222;11.05
METZ;49.11;6.17;03/06/2026;80;19.9;13.3;17.5;11.7;05:33;21:33;5.55;6.4;3.0;0.0;3.0;0.0;15.0;80;23.0;47.9;242;17.76
METZ;49.11;6.17;04/06/2026;80;21.5;14.9;17.1;12.4;05:33;21:34;5.6;6.4;5.7;0.0;5.7;0.0;9.0;61;26.0;55.4;231;16.51
METZ;49.11;6.17;05/06/2026;51;18.8;11.5;17.1;8.9;05:32;21:34;3.1;6.35;2.1;1.5;0.6;0.0;15.0;56;19.0;41.4;239;22.1
METZ;49.11;6.17;06/06/2026;55;18.6;12.5;18.6;11.9;05:32;21:35;4.55;6.3;3.6;1.2;2.4;0.0;9.0;39;10.5;23.0;72;16.37
METZ;49.11;6.17;07/06/2026;55;23.0;13.6;25.3;13.0;05:31;21:36;5.45;6.6;18.0;4.8;13.2;0.0;24.0;24;12.2;27.7;39;18.64
METZ;49.11;6.17;08/06/2026;55;21.0;13.7;19.1;10.3;05:31;21:37;6.15;6.45;10.2;4.2;6.0;0.0;21.0;19;22.1;47.5;219;19.63
METZ;49.11;6.17;09/06/2026;51;18.2;11.3;16.3;7.6;05:30;21:38;6.1;6.5;1.8;1.2;0.6;0.0;12.0;19;22.2;46.8;251;23.97
METZ;49.11;6.17;10/06/2026;2;21.0;11.5;21.8;11.4;05:30;21:38;5.8;6.45;0.0;0.0;0.0;0.0;0.0;24;6.5;24.1;252;27.37
METZ;49.11;6.17;11/06/2026;0;24.6;13.5;26.2;14.0;05:30;21:39;5.5;6.5;0.0;0.0;0.0;0.0;0.0;26;7.6;24.1;49;28.21
METZ;49.11;6.17;12/06/2026;51;23.2;12.9;24.1;13.2;05:30;21:40;5.25;6.5;0.3;0.0;0.3;0.0;3.0;;7.9;14.7;37;12.65
NANTES;47.21;-1.55;28/05/2026;3;36.7;18.9;35.0;20.7;06:16;21:50;7.35;7.35;0.0;0.0;0.0;0.0;0.0;0;11.5;26.3;174;28.12
NANTES;47.21;-1.55;29/05/2026;3;36.6;23.9;34.9;24.1;06:16;21:51;6.9;7.45;0.0;0.0;0.0;0.0;0.0;3;16.6;34.6;283;25.87
NANTES;47.21;-1.55;30/05/2026;3;34.4;18.7;32.7;17.6;06:15;21:52;7.4;7.4;0.0;0.0;0.0;0.0;0.0;3;22.1;37.1;351;27.63
NANTES;47.21;-1.55;31/05/2026;3;28.0;18.9;26.0;15.6;06:14;21:53;5.65;7.35;0.0;0.0;0.0;0.0;0.0;9;23.8;46.1;323;24.81
NANTES;47.21;-1.55;01/06/2026;3;29.1;18.5;28.9;16.6;06:14;21:54;6.75;7.4;0.0;0.0;0.0;0.0;0.0;20;22.8;42.9;295;26.21
NANTES;47.21;-1.55;02/06/2026;53;20.2;15.6;17.9;13.8;06:13;21:54;4.75;6.95;3.9;2.4;1.5;0.0;15.0;63;28.3;62.6;257;26.48
NANTES;47.21;-1.55;03/06/2026;53;18.8;14.2;17.0;12.8;06:13;21:55;3.05;6.9;4.2;3.0;1.2;0.0;12.0;41;29.4;75.2;242;13.51
NANTES;47.21;-1.55;04/06/2026;53;16.5;14.4;13.9;11.1;06:12;21:56;5.15;6.9;5.7;1.8;3.9;0.0;21.0;45;25.6;67.3;249;18.27
NANTES;47.21;-1.55;05/06/2026;51;17.1;12.6;14.9;10.8;06:12;21:57;4.9;6.85;1.8;0.9;0.9;0.0;18.0;58;18.7;59.8;250;20.22
NANTES;47.21;-1.55;06/06/2026;51;19.5;10.7;18.6;10.4;06:11;21:58;6.3;7.0;1.8;0.9;0.9;0.0;12.0;39;15.1;37.8;68;22.2
NANTES;47.21;-1.55;07/06/2026;61;15.9;11.8;13.2;8.7;06:11;21:59;3.1;6.85;31.8;11.7;20.1;0.0;24.0;35;28.3;59.4;14;9.72
NANTES;47.21;-1.55;08/06/2026;63;18.9;12.3;17.2;9.7;06:10;21:59;4.8;7.0;31.2;22.8;8.4;0.0;24.0;13;23.3;57.2;308;11.39
NANTES;47.21;-1.55;09/06/2026;51;17.0;11.6;15.7;10.7;06:10;22:00;4.4;6.9;0.9;0.9;0.0;0.0;9.0;16;16.3;44.3;243;11.56
NANTES;47.21;-1.55;10/06/2026;51;19.2;14.2;18.4;14.5;06:10;22:01;2.1;6.9;0.6;0.0;0.6;0.0;6.0;16;13.2;38.5;260;22.6
NANTES;47.21;-1.55;11/06/2026;3;22.9;12.1;24.9;11.5;06:10;22:01;4.6;7.0;0.0;0.0;0.0;0.0;0.0;13;10.8;24.5;311;23.88
NANTES;47.21;-1.55;12/06/2026;3;19.6;13.3;17.2;12.6;06:09;22:02;4.6;6.85;0.0;0.0;0.0;0.0;0.0;19;25.1;32.0;36;14.04
TOURS;47.39;0.68;28/05/2026;3;34.3;19.0;36.1;20.6;06:07;21:41;7.3;7.3;0.0;0.0;0.0;0.0;0.0;0;10.8;20.9;72;28.53
TOURS;47.39;0.68;29/05/2026;3;34.6;20.2;35.2;21.0;06:06;21:42;7.0;7.35;0.0;0.0;0.0;0.0;0.0;0;9.9;19.8;93;27.68
TOURS;47.39;0.68;30/05/2026;3;33.6;20.2;34.8;21.8;06:05;21:43;6.95;7.35;0.0;0.0;0.0;0.0;0.0;5;12.8;25.6;236;25.11
TOURS;47.39;0.68;31/05/2026;3;22.8;15.9;23.7;15.0;06:05;21:44;6.4;7.35;0.0;0.0;0.0;0.0;0.0;2;15.3;35.6;291;21.27
TOURS;47.39;0.68;01/06/2026;3;24.4;14.2;23.5;14.5;06:04;21:45;6.6;7.35;0.0;0.0;0.0;0.0;0.0;7;18.9;40.7;251;24.84
TOURS;47.39;0.68;02/06/2026;80;21.7;16.1;18.0;13.7;06:03;21:46;5.5;6.75;15.9;12.9;3.75;0.0;9.0;65;29.3;52.9;248;19.75
TOURS;47.39;0.68;03/06/2026;61;19.3;12.5;19.3;11.0;06:03;21:47;0.5;6.8;0.6;0.0;0.6;0.0;3.0;31;18.1;50.8;243;10.75
TOURS;47.39;0.68;04/06/2026;80;20.1;15.7;17.8;11.3;06:02;21:48;5.0;6.85;2.4;0.0;2.4;0.0;9.0;36;30.5;65.9;240;18.45
TOURS;47.39;0.68;05/06/2026;51;18.6;12.1;17.3;9.9;06:02;21:49;5.85;6.8;1.5;0.3;1.2;0.0;15.0;50;18.5;42.5;237;22.49
TOURS;47.39;0.68;06/06/2026;51;18.5;10.9;17.6;11.0;06:01;21:50;6.85;6.85;1.8;1.8;0.0;0.0;12.0;27;15.2;30.6;40;18.05
TOURS;47.39;0.68;07/06/2026;61;20.7;13.8;21.2;11.9;06:01;21:50;5.55;6.95;12.0;6.0;6.0;0.0;24.0;15;18.8;45.4;53;12.93
TOURS;47.39;0.68;08/06/2026;61;16.1;13.9;17.3;11.9;06:01;21:51;4.4;6.9;11.1;5.7;5.4;0.0;21.0;20;17.8;39.6;245;10.3
TOURS;47.39;0.68;09/06/2026;3;18.1;10.8;16.9;9.2;06:00;21:52;4.35;6.85;0.0;0.0;0.0;0.0;0.0;18;14.3;39.2;256;23.01
TOURS;47.39;0.68;10/06/2026;51;20.3;13.1;20.5;12.9;06:00;21:52;4.4;6.95;1.2;0.6;0.6;0.0;6.0;19;10.8;28.8;228;19.38
TOURS;47.39;0.68;11/06/2026;3;24.4;13.6;25.4;13.5;06:00;21:53;5.35;6.9;0.0;0.0;0.0;0.0;0.0;17;7.0;18.4;74;24.23
TOURS;47.39;0.68;12/06/2026;53;20.3;13.9;20.9;13.1;06:00;21:54;5.0;6.85;4.35;0.0;4.35;0.0;18.0;;16.2;34.9;28;16.74
AUXERRE;47.79;3.57;28/05/2026;3;31.7;16.0;33.0;17.2;05:54;21:31;7.3;7.3;0.0;0.0;0.0;0.0;0.0;0;12.8;28.4;26;28.41
AUXERRE;47.79;3.57;29/05/2026;3;32.6;15.5;33.8;16.1;05:53;21:32;7.25;7.35;0.0;0.0;0.0;0.0;0.0;0;11.5;25.6;31;27.95
AUXERRE;47.79;3.57;30/05/2026;3;33.6;16.5;36.1;17.3;05:52;21:33;7.25;7.35;0.0;0.0;0.0;0.0;0.0;3;9.5;18.0;257;25.15
AUXERRE;47.79;3.57;31/05/2026;3;24.3;16.7;23.8;16.7;05:51;21:34;6.15;7.25;0.0;0.0;0.4;0.0;0.0;5;18.0;35.6;278;22.88
AUXERRE;47.79;3.57;01/06/2026;3;23.9;14.0;23.1;14.4;05:51;21:35;5.55;7.35;0.0;0.0;0.0;0.0;0.0;5;13.8;31.0;262;17.9
AUXERRE;47.79;3.57;02/06/2026;80;22.1;16.0;19.3;14.6;05:50;21:36;5.3;6.75;9.75;7.2;4.5;0.0;9.0;74;30.7;56.5;236;15.58
AUXERRE;47.79;3.57;03/06/2026;3;21.1;13.9;18.1;11.3;05:50;21:37;5.1;7.0;0.3;0.0;0.3;0.0;3.0;50;26.7;45.7;248;17.62
AUXERRE;47.79;3.57;04/06/2026;80;21.7;14.8;16.5;12.3;05:49;21:38;6.65;6.85;1.5;0.0;1.5;0.0;9.0;50;29.1;63.0;229;16.31
AUXERRE;47.79;3.57;05/06/2026;51;19.6;12.1;17.5;9.5;05:48;21:39;5.6;6.75;2.4;0.6;1.8;0.0;12.0;48;16.0;39.6;227;20.55
AUXERRE;47.79;3.57;06/06/2026;55;17.6;12.2;17.5;11.7;05:48;21:40;5.15;6.85;8.4;2.1;6.3;0.0;15.0;35;10.2;25.6;105;11.31
AUXERRE;47.79;3.57;07/06/2026;80;19.9;14.2;21.7;14.0;05:48;21:41;7.05;7.05;24.6;13.5;11.1;0.0;24.0;29;13.8;44.3;100;9.58
AUXERRE;47.79;3.57;08/06/2026;53;17.4;12.2;17.9;10.4;05:47;21:41;7.0;7.0;5.1;3.9;1.2;0.0;18.0;24;18.2;51.8;214;23.02
AUXERRE;47.79;3.57;09/06/2026;51;18.4;11.6;17.5;9.8;05:47;21:42;5.7;6.95;0.3;0.3;0.0;0.0;3.0;29;14.6;34.9;268;24.98
AUXERRE;47.79;3.57;10/06/2026;51;21.0;10.8;21.5;9.7;05:47;21:43;3.95;6.9;2.4;1.8;0.6;0.0;12.0;28;6.2;22.3;261;21.43
AUXERRE;47.79;3.57;11/06/2026;3;24.2;13.9;26.4;14.7;05:46;21:43;5.1;6.95;0.0;0.0;0.0;0.0;0.0;23;7.3;19.4;40;28.45
AUXERRE;47.79;3.57;12/06/2026;53;22.9;14.6;25.4;15.2;05:46;21:44;6.25;7.0;4.2;0.0;4.2;0.0;21.0;;9.4;18.7;337;25.47
CHAUMONT;48.11;5.14;28/05/2026;1;30.3;16.1;30.7;16.7;05:46;21:26;7.0;7.0;0.0;0.0;0.0;0.0;0.0;0;16.7;32.0;34;27.84
CHAUMONT;48.11;5.14;29/05/2026;3;31.8;13.2;32.3;13.1;05:45;21:28;7.0;7.0;0.0;0.0;0.0;0.0;0.0;0;12.6;28.4;67;28.46
CHAUMONT;48.11;5.14;30/05/2026;3;33.1;15.0;33.7;14.5;05:44;21:29;6.8;7.05;0.0;0.0;0.0;0.0;0.0;3;6.3;13.7;171;21.95
CHAUMONT;48.11;5.14;31/05/2026;61;24.7;15.9;23.0;15.1;05:44;21:30;4.1;6.75;0.0;0.0;0.0;0.0;0.0;18;21.7;40.3;275;24.14
CHAUMONT;48.11;5.14;01/06/2026;3;22.7;14.3;20.0;14.8;05:43;21:31;5.75;6.85;0.0;0.0;0.6;0.0;0.0;8;16.5;36.0;263;22.81
CHAUMONT;48.11;5.14;02/06/2026;80;19.6;15.0;16.5;13.6;05:42;21:31;2.55;6.35;7.65;3.9;4.2;0.0;9.0;88;24.5;53.3;233;12.55
CHAUMONT;48.11;5.14;03/06/2026;80;20.2;12.5;16.7;10.2;05:42;21:32;5.05;6.55;3.3;0.0;3.3;0.0;12.0;84;23.5;41.4;242;17.25
CHAUMONT;48.11;5.14;04/06/2026;80;21.4;13.4;16.2;11.6;05:41;21:33;5.45;6.5;4.5;0.0;4.2;0.0;9.0;47;24.7;55.1;233;13.8
CHAUMONT;48.11;5.14;05/06/2026;51;18.5;11.0;17.0;8.5;05:41;21:34;4.1;6.45;0.75;0.15;0.6;0.0;9.0;55;16.4;42.5;232;20.64
CHAUMONT;48.11;5.14;06/06/2026;61;17.8;12.3;18.0;11.6;05:40;21:35;4.25;6.4;9.6;4.2;5.4;0.0;15.0;43;13.6;28.4;86;13.54
CHAUMONT;48.11;5.14;07/06/2026;81;23.1;13.5;25.3;12.3;05:40;21:36;6.45;6.75;34.2;8.7;25.5;0.0;24.0;32;16.4;36.0;109;14.43
CHAUMONT;48.11;5.14;08/06/2026;53;19.5;11.9;17.4;9.2;05:40;21:36;6.75;6.7;7.2;2.1;5.1;0.0;15.0;24;23.0;49.0;227;21.33
CHAUMONT;48.11;5.14;09/06/2026;51;16.7;10.9;15.4;8.3;05:39;21:37;6.3;6.65;1.2;0.6;0.6;0.0;12.0;24;18.1;47.2;258;17.84
CHAUMONT;48.11;5.14;10/06/2026;2;20.6;9.8;21.6;9.1;05:39;21:38;4.0;6.55;0.0;0.0;0.0;0.0;0.0;32;4.4;22.0;270;27.67
CHAUMONT;48.11;5.14;11/06/2026;2;24.0;12.6;25.9;12.2;05:39;21:38;6.0;6.65;0.0;0.0;0.0;0.0;0.0;29;8.5;21.6;55;28.85
CHAUMONT;48.11;5.14;12/06/2026;51;22.6;13.6;25.9;13.8;05:39;21:39;5.85;6.7;5.85;1.2;4.65;0.0;24.0;;12.6;16.6;112;22.24
STRASBOURG;48.57;7.75;28/05/2026;0;28.2;17.5;27.5;16.4;05:34;21:18;6.9;6.9;0.0;0.0;0.0;0.0;0.0;0;14.2;32.0;30;27.85
STRASBOURG;48.57;7.75;29/05/2026;1;31.5;16.7;30.4;14.8;05:33;21:19;6.9;6.9;0.0;0.0;0.0;0.0;0.0;0;12.0;26.3;26;27.96
STRASBOURG;48.57;7.75;30/05/2026;3;32.9;18.2;34.1;18.0;05:32;21:20;6.5;6.9;0.0;0.0;0.0;0.0;0.0;18;7.7;19.8;157;24.43
STRASBOURG;48.57;7.75;31/05/2026;80;28.6;17.9;30.1;16.8;05:31;21:21;6.1;6.9;1.1;0.0;2.1;0.0;5.0;70;13.7;46.4;259;19.62
STRASBOURG;48.57;7.75;01/06/2026;3;24.2;16.1;22.2;15.8;05:31;21:22;6.45;6.9;0.0;0.0;0.3;0.0;0.0;53;10.9;31.3;262;18.7
STRASBOURG;48.57;7.75;02/06/2026;81;23.3;16.0;23.0;16.4;05:30;21:23;1.55;6.45;7.95;1.2;7.65;0.0;12.0;81;14.6;39.2;207;11.57
STRASBOURG;48.57;7.75;03/06/2026;80;21.3;14.1;18.9;13.8;05:29;21:24;5.8;6.4;4.2;0.0;4.2;0.0;12.0;85;19.3;47.9;227;17.35
STRASBOURG;48.57;7.75;04/06/2026;80;24.4;15.9;21.1;14.5;05:29;21:25;2.8;6.55;3.9;3.3;0.9;0.0;6.0;48;19.4;42.8;202;13.74
STRASBOURG;48.57;7.75;05/06/2026;51;21.0;14.2;19.2;12.9;05:28;21:26;3.75;6.5;1.05;0.75;0.3;0.0;9.0;48;16.2;37.4;194;23.85
STRASBOURG;48.57;7.75;06/06/2026;3;24.5;12.9;24.4;13.3;05:28;21:26;1.65;6.35;0.0;0.0;0.0;0.0;0.0;46;8.9;30.6;340;25.82
STRASBOURG;48.57;7.75;07/06/2026;51;28.7;16.4;29.8;17.4;05:28;21:27;6.15;6.7;1.8;1.2;0.6;0.0;6.0;34;17.4;41.8;337;24.89
STRASBOURG;48.57;7.75;08/06/2026;55;21.6;15.4;22.5;14.5;05:27;21:28;5.6;6.65;9.9;6.3;3.6;0.0;21.0;20;15.0;50.0;211;9.82
STRASBOURG;48.57;7.75;09/06/2026;51;20.5;13.1;20.0;10.5;05:27;21:29;6.3;6.7;2.1;2.1;0.0;0.0;15.0;27;15.7;34.6;227;24.26
STRASBOURG;48.57;7.75;10/06/2026;51;22.4;13.1;23.6;13.2;05:26;21:29;4.65;6.6;0.6;0.6;0.0;0.0;6.0;26;6.9;18.7;333;26.79
STRASBOURG;48.57;7.75;11/06/2026;0;26.4;14.9;26.9;15.1;05:26;21:30;6.5;6.6;0.0;0.0;0.0;0.0;0.0;29;14.0;31.7;10;28.62
STRASBOURG;48.57;7.75;12/06/2026;51;24.8;15.7;25.7;15.7;05:26;21:31;5.4;6.6;0.3;0.0;0.3;0.0;3.0;;8.2;22.2;220;19.59
BOURGES;47.08;2.39;28/05/2026;1;33.0;15.6;33.5;16.2;06:01;21:33;7.4;7.4;0.0;0.0;0.0;0.0;0.0;0;15.6;28.8;49;28.84
BOURGES;47.08;2.39;29/05/2026;3;33.6;16.8;33.8;16.9;06:00;21:34;7.1;7.4;0.0;0.0;0.0;0.0;0.0;0;15.1;24.8;68;28.65
BOURGES;47.08;2.39;30/05/2026;3;33.5;19.1;34.8;19.6;06:00;21:35;7.3;7.45;0.0;0.0;0.0;0.0;0.0;0;8.3;15.5;142;26.02
BOURGES;47.08;2.39;31/05/2026;3;24.6;17.4;23.6;16.9;05:59;21:36;5.65;7.3;0.0;0.0;0.0;0.0;0.0;8;18.0;37.1;275;24.02
BOURGES;47.08;2.39;01/06/2026;3;24.9;15.0;23.9;14.8;05:58;21:37;6.75;7.45;0.0;0.0;0.0;0.0;0.0;3;14.9;33.8;252;22.29
BOURGES;47.08;2.39;02/06/2026;80;22.1;15.1;18.8;13.6;05:58;21:38;4.85;6.75;9.3;6.9;4.95;0.0;9.0;71;28.9;57.6;242;17.98
BOURGES;47.08;2.39;03/06/2026;61;21.2;13.5;18.3;11.7;05:57;21:39;2.8;7.05;0.9;0.3;0.3;0.0;9.0;41;22.8;42.5;251;15.49
BOURGES;47.08;2.39;04/06/2026;3;21.9;15.8;16.8;11.8;05:57;21:40;6.6;6.9;0.9;0.0;0.9;0.0;9.0;40;29.6;68.4;241;17.68
BOURGES;47.08;2.39;05/06/2026;51;19.5;12.5;18.7;9.9;05:56;21:41;6.05;6.9;1.2;0.0;1.2;0.0;12.0;38;17.8;46.1;242;24.56
BOURGES;47.08;2.39;06/06/2026;55;19.8;12.8;18.2;12.2;05:56;21:41;5.5;6.9;5.1;2.1;3.0;0.0;9.0;31;13.9;32.4;66;16.33
BOURGES;47.08;2.39;07/06/2026;61;19.5;15.1;21.0;15.4;05:55;21:42;7.1;7.1;27.9;12.3;15.6;0.0;24.0;20;16.6;29.9;130;12.35
BOURGES;47.08;2.39;08/06/2026;53;16.5;13.6;16.2;11.9;05:55;21:43;7.0;7.05;6.0;1.8;4.2;0.0;21.0;15;19.6;47.5;243;20.01
BOURGES;47.08;2.39;09/06/2026;3;18.4;11.4;17.0;9.8;05:55;21:44;5.2;7.0;0.0;0.0;0.0;0.0;0.0;22;14.9;42.8;261;26.15
BOURGES;47.08;2.39;10/06/2026;51;21.0;12.4;21.2;12.3;05:55;21:44;4.2;7.05;0.6;0.6;0.0;0.0;6.0;20;9.3;26.3;258;23.21
BOURGES;47.08;2.39;11/06/2026;3;24.6;14.3;27.3;14.5;05:54;21:45;5.1;7.05;0.0;0.0;0.0;0.0;0.0;17;6.8;20.2;68;28.65
BOURGES;47.08;2.39;12/06/2026;51;25.0;14.5;25.3;15.1;05:54;21:45;5.95;7.1;2.55;0.3;2.25;0.0;12.0;;12.7;21.6;298;23.39
BELFORT;47.63;6.86;28/05/2026;2;28.5;17.1;27.8;16.5;05:41;21:18;7.05;7.05;0.0;0.0;0.0;0.0;0.0;3;17.8;38.2;76;28.05
BELFORT;47.63;6.86;29/05/2026;1;30.0;14.0;28.7;12.4;05:40;21:19;7.05;7.05;0.0;0.0;0.0;0.0;0.0;0;15.1;32.8;72;28.44
BELFORT;47.63;6.86;30/05/2026;3;31.2;16.4;31.7;15.7;05:40;21:20;6.45;7.05;0.0;0.0;0.0;0.0;0.0;3;5.6;13.3;349;23.05
BELFORT;47.63;6.86;31/05/2026;80;25.6;17.1;25.5;15.9;05:39;21:21;6.4;7.0;2.0;0.0;3.5;0.0;5.0;60;24.7;52.6;260;21.49
BELFORT;47.63;6.86;01/06/2026;3;22.5;14.4;20.6;12.9;05:38;21:22;6.75;7.05;0.0;0.0;0.3;0.0;0.0;28;17.3;35.3;266;23.17
BELFORT;47.63;6.86;02/06/2026;81;21.4;14.2;20.3;13.7;05:38;21:23;3.4;6.5;16.5;3.0;14.85;0.0;12.0;92;25.9;47.5;250;13.49
BELFORT;47.63;6.86;03/06/2026;80;19.9;12.8;16.8;10.9;05:37;21:23;5.75;6.55;3.0;0.0;3.0;0.0;12.0;93;23.7;45.0;246;18.21
BELFORT;47.63;6.86;04/06/2026;63;19.0;14.7;17.3;12.4;05:37;21:24;2.75;6.55;6.0;4.5;1.5;0.0;9.0;69;24.5;56.2;242;12.2
BELFORT;47.63;6.86;05/06/2026;80;17.7;11.1;16.9;9.0;05:36;21:25;2.45;6.5;2.7;0.6;2.1;0.0;15.0;73;17.9;40.7;256;25.92
BELFORT;47.63;6.86;06/06/2026;51;22.1;11.7;22.5;11.0;05:36;21:26;3.65;6.4;1.2;0.9;0.3;0.0;3.0;57;10.0;24.8;37;24.39
BELFORT;47.63;6.86;07/06/2026;53;25.8;14.8;27.6;15.1;05:35;21:27;5.8;6.7;7.8;1.8;6.0;0.0;18.0;42;16.2;49.7;39;24.88
BELFORT;47.63;6.86;08/06/2026;63;18.4;13.6;18.6;11.1;05:35;21:27;6.75;6.75;25.2;10.5;14.7;0.0;15.0;33;20.1;44.6;255;11.18
BELFORT;47.63;6.86;09/06/2026;51;17.9;10.4;16.9;7.8;05:35;21:28;6.65;6.8;1.2;0.6;0.6;0.0;6.0;29;18.5;45.0;262;21.36
BELFORT;47.63;6.86;10/06/2026;51;20.4;10.8;22.1;10.6;05:34;21:29;5.95;6.65;0.6;0.6;0.0;0.0;6.0;38;5.8;22.3;283;26.69
BELFORT;47.63;6.86;11/06/2026;0;23.6;12.9;24.9;12.7;05:34;21:29;6.35;6.75;0.0;0.0;0.0;0.0;0.0;33;11.0;29.2;83;29.38
BELFORT;47.63;6.86;12/06/2026;51;23.0;13.4;23.9;13.3;05:34;21:30;5.6;6.75;1.2;0.0;1.2;0.0;12.0;;9.2;14.3;71;16.12
LIMOGES;45.83;1.26;28/05/2026;1;33.9;16.9;34.4;17.5;06:10;21:33;7.55;7.55;0.0;0.0;0.0;0.0;0.0;0;14.5;34.2;48;28.88
LIMOGES;45.83;1.26;29/05/2026;3;33.8;17.4;33.0;17.6;06:10;21:34;7.6;7.6;0.0;0.0;0.0;0.0;0.0;0;12.4;28.4;68;29.19
LIMOGES;45.83;1.26;30/05/2026;3;30.3;17.6;32.6;17.6;06:09;21:35;7.55;7.6;0.0;0.0;0.0;0.0;0.0;0;12.4;27.4;232;26.64
LIMOGES;45.83;1.26;31/05/2026;3;23.9;17.5;24.3;18.3;06:08;21:36;6.55;7.5;0.0;0.0;0.0;0.0;0.0;0;15.4;34.9;281;15.86
LIMOGES;45.83;1.26;01/06/2026;3;23.7;15.2;22.4;15.2;06:08;21:37;6.8;7.6;0.0;0.0;0.0;0.0;0.0;3;13.0;28.8;271;23.33
LIMOGES;45.83;1.26;02/06/2026;80;21.1;14.3;17.8;12.3;06:07;21:38;5.55;6.95;7.2;2.4;6.45;0.0;9.0;65;31.0;54.7;245;18.68
LIMOGES;45.83;1.26;03/06/2026;3;17.3;12.9;16.5;11.3;06:07;21:39;3.1;7.1;0.3;0.0;0.3;0.0;3.0;35;20.2;38.9;245;9.27
LIMOGES;45.83;1.26;04/06/2026;61;20.4;13.7;15.7;10.8;06:06;21:39;6.6;7.05;1.8;0.6;1.2;0.0;6.0;53;31.6;65.9;234;18.33
LIMOGES;45.83;1.26;05/06/2026;51;19.0;10.8;17.3;9.1;06:06;21:40;6.15;7.0;0.6;0.0;0.6;0.0;6.0;43;14.7;41.8;228;23.25
LIMOGES;45.83;1.26;06/06/2026;61;17.4;12.1;18.2;11.3;06:05;21:41;5.05;7.05;12.3;4.2;8.1;0.0;21.0;28;11.4;34.2;60;15.01
LIMOGES;45.83;1.26;07/06/2026;61;19.9;14.9;21.1;14.5;06:05;21:42;7.2;7.2;21.3;8.7;12.6;0.0;24.0;20;13.8;34.6;176;15.57
LIMOGES;45.83;1.26;08/06/2026;53;14.9;11.4;14.6;9.6;06:05;21:42;6.35;7.15;8.1;3.9;4.2;0.0;24.0;19;28.7;60.8;252;12.33
LIMOGES;45.83;1.26;09/06/2026;53;17.6;10.9;16.1;9.7;06:04;21:43;5.85;7.15;3.9;1.2;2.7;0.0;15.0;19;14.2;42.1;282;20.39
LIMOGES;45.83;1.26;10/06/2026;3;20.4;10.2;20.2;10.0;06:04;21:44;4.4;7.15;0.0;0.0;0.0;0.0;0.0;24;7.3;20.5;352;21.61
LIMOGES;45.83;1.26;11/06/2026;3;24.9;13.1;27.2;12.5;06:04;21:44;4.55;7.15;0.0;0.0;0.0;0.0;0.0;18;8.5;17.6;53;28.87
LIMOGES;45.83;1.26;12/06/2026;51;20.4;14.4;22.8;15.5;06:04;21:45;4.85;7.15;1.5;0.3;1.2;0.0;9.0;;6.6;15.1;295;15.44
VICHY;46.12;3.42;28/05/2026;2;32.8;14.2;32.6;14.0;06:01;21:26;7.5;7.5;0.0;0.0;0.0;0.0;0.0;0;16.1;35.6;49;28.36
VICHY;46.12;3.42;29/05/2026;3;32.8;14.8;32.0;14.7;06:00;21:26;7.5;7.5;0.0;0.0;0.0;0.0;0.0;0;14.8;32.0;30;28.77
VICHY;46.12;3.42;30/05/2026;3;32.4;15.1;33.2;14.4;05:59;21:27;6.9;7.6;0.0;0.0;0.0;0.0;0.0;5;8.6;20.2;128;26.09
VICHY;46.12;3.42;31/05/2026;3;25.3;17.3;24.9;16.9;05:59;21:28;6.3;7.55;0.1;0.0;0.0;0.0;1.0;18;19.5;39.6;291;19.4
VICHY;46.12;3.42;01/06/2026;80;25.5;14.4;24.6;14.5;05:58;21:29;7.1;7.6;0.0;0.0;0.6;0.0;0.0;5;12.7;26.6;291;22.69
VICHY;46.12;3.42;02/06/2026;80;22.7;14.1;19.0;13.4;05:58;21:30;5.2;7.0;6.9;4.8;3.0;0.0;9.0;59;28.6;56.5;245;17.48
VICHY;46.12;3.42;03/06/2026;61;22.1;12.6;19.0;11.6;05:57;21:31;5.2;7.25;0.3;0.3;0.0;0.0;3.0;59;19.9;36.4;245;15.11
VICHY;46.12;3.42;04/06/2026;80;20.8;14.0;16.8;12.3;05:57;21:32;4.25;7.15;2.4;1.2;1.2;0.0;9.0;36;20.7;49.3;225;9.96
VICHY;46.12;3.42;05/06/2026;3;20.4;11.8;19.2;9.7;05:56;21:33;2.85;7.05;0.0;0.0;0.0;0.0;0.0;41;15.5;37.1;226;24.42
VICHY;46.12;3.42;06/06/2026;53;19.4;12.2;19.8;11.7;05:56;21:33;4.35;7.0;10.5;6.6;3.9;0.0;21.0;42;15.8;36.7;43;14.12
VICHY;46.12;3.42;07/06/2026;81;21.1;15.8;23.5;16.6;05:55;21:34;7.25;7.25;24.9;4.2;20.7;0.0;18.0;32;14.7;38.9;103;14.6
VICHY;46.12;3.42;08/06/2026;55;18.6;12.7;16.0;11.4;05:55;21:35;4.95;7.2;7.8;3.0;4.8;0.0;21.0;23;20.7;51.1;227;20.83
VICHY;46.12;3.42;09/06/2026;3;18.0;11.8;16.6;10.9;05:55;21:35;6.75;7.2;0.0;0.0;0.0;0.0;0.0;20;13.0;32.0;301;23.6
VICHY;46.12;3.42;10/06/2026;2;20.5;10.4;20.3;9.8;05:54;21:36;6.2;7.2;0.0;0.0;0.0;0.0;0.0;24;7.9;21.2;354;23.09
VICHY;46.12;3.42;11/06/2026;3;24.1;12.8;26.5;13.1;05:54;21:37;6.2;7.2;0.0;0.0;0.0;0.0;0.0;18;6.9;20.2;360;29.46
VICHY;46.12;3.42;12/06/2026;80;26.7;13.2;26.8;13.1;05:54;21:37;5.35;7.25;5.1;3.9;1.2;0.0;9.0;;18.1;30.6;234;20.72
LYON;45.76;4.83;28/05/2026;1;32.9;19.4;31.9;21.0;05:56;21:18;7.6;7.6;0.0;0.0;0.0;0.0;0.0;0;21.6;46.1;0;28.5
LYON;45.76;4.83;29/05/2026;2;33.0;19.3;33.3;19.5;05:56;21:19;7.6;7.6;0.0;0.0;0.0;0.0;0.0;0;12.0;27.7;352;28.66
LYON;45.76;4.83;30/05/2026;3;32.5;19.2;32.3;20.0;05:55;21:20;6.85;7.65;0.0;0.0;0.0;0.0;0.0;0;7.9;20.5;150;25.04
LYON;45.76;4.83;31/05/2026;95;27.4;19.8;29.2;19.9;05:54;21:21;7.0;7.6;0.7;0.0;3.2;0.0;7.0;64;11.7;33.8;326;22.89
LYON;45.76;4.83;01/06/2026;3;26.2;17.0;25.9;16.7;05:54;21:22;7.6;7.65;0.0;0.0;0.0;0.0;0.0;20;11.2;29.5;342;26.43
LYON;45.76;4.83;02/06/2026;95;23.9;16.8;24.7;17.5;05:53;21:23;2.8;7.2;4.95;2.7;2.4;0.0;6.0;55;10.7;40.7;270;16.23
LYON;45.76;4.83;03/06/2026;3;24.0;15.8;23.1;16.0;05:53;21:24;4.9;7.3;0.0;0.0;0.0;0.0;0.0;56;7.4;20.9;232;19.07
LYON;45.76;4.83;04/06/2026;61;22.2;15.7;22.7;15.9;05:52;21:25;0.9;7.15;6.3;5.7;0.6;0.0;9.0;32;9.2;38.2;191;10.57
LYON;45.76;4.83;05/06/2026;1;19.9;13.1;20.3;13.0;05:52;21:26;1.65;7.05;2.1;0.3;1.8;0.0;3.0;54;5.2;20.9;56;26.67
LYON;45.76;4.83;06/06/2026;61;22.6;14.2;24.6;14.8;05:51;21:26;1.15;7.1;5.1;1.2;3.9;0.0;9.0;33;9.7;44.3;135;22.37
LYON;45.76;4.83;07/06/2026;61;28.0;16.5;29.1;17.9;05:51;21:27;7.15;7.3;5.1;1.2;3.9;0.0;15.0;25;22.7;59.8;167;25.15
LYON;45.76;4.83;08/06/2026;55;22.2;15.0;21.2;14.0;05:51;21:28;7.05;7.3;9.0;2.4;6.6;0.0;12.0;16;18.6;54.0;257;25.15
LYON;45.76;4.83;09/06/2026;51;18.9;12.9;17.4;12.6;05:50;21:28;7.0;7.3;0.6;0.6;0.0;0.0;6.0;18;15.0;43.9;350;23.61
LYON;45.76;4.83;10/06/2026;1;21.4;12.8;21.2;10.9;05:50;21:29;5.5;7.25;0.0;0.0;0.0;0.0;0.0;18;13.7;37.4;341;29.09
LYON;45.76;4.83;11/06/2026;0;25.0;14.9;27.5;13.9;05:50;21:30;6.5;7.25;0.0;0.0;0.0;0.0;0.0;23;8.9;25.2;344;29.27
LYON;45.76;4.83;12/06/2026;53;28.4;17.4;30.8;17.4;05:50;21:30;6.85;7.3;1.5;1.5;0.0;0.0;3.0;;8.9;15.1;169;22.99
PONTARLIER;46.9;6.35;28/05/2026;2;25.9;15.5;26.6;14.1;05:46;21:17;7.15;7.3;0.0;0.0;0.0;0.0;0.0;0;18.6;42.1;61;28.66
PONTARLIER;46.9;6.35;29/05/2026;1;27.5;17.0;27.8;14.3;05:45;21:18;7.3;7.3;0.0;0.0;0.0;0.0;0.0;0;15.3;35.6;85;29.79
PONTARLIER;46.9;6.35;30/05/2026;3;26.4;14.0;26.7;11.4;05:45;21:19;6.85;7.3;0.0;0.0;0.0;0.0;0.0;0;9.0;20.2;107;25.23
PONTARLIER;46.9;6.35;31/05/2026;96;21.9;14.9;21.3;14.7;05:44;21:20;7.15;7.25;8.5;0.0;12.1;0.0;12.0;92;17.7;48.2;234;19.37
PONTARLIER;46.9;6.35;01/06/2026;80;18.5;11.9;17.3;11.3;05:43;21:21;6.5;7.3;0.0;0.0;1.2;0.0;0.0;44;11.8;30.6;285;23.65
PONTARLIER;46.9;6.35;02/06/2026;80;18.3;12.0;16.9;9.0;05:43;21:22;3.35;6.55;17.25;6.15;11.7;0.0;15.0;91;25.6;61.2;238;14.36
PONTARLIER;46.9;6.35;03/06/2026;80;16.1;9.9;12.3;6.9;05:42;21:22;5.7;6.75;9.0;0.0;9.0;0.0;9.0;95;22.4;44.6;238;19.71
PONTARLIER;46.9;6.35;04/06/2026;80;16.2;11.4;17.4;8.9;05:42;21:23;1.2;6.55;7.8;5.1;2.7;0.0;12.0;55;20.2;50.0;213;10.58
PONTARLIER;46.9;6.35;05/06/2026;95;15.2;8.3;14.0;5.9;05:41;21:24;2.6;6.8;4.2;1.35;2.85;0.0;9.0;61;17.8;36.4;245;24.09
PONTARLIER;46.9;6.35;06/06/2026;53;18.3;10.8;18.6;7.9;05:41;21:25;2.1;6.45;5.4;1.2;4.2;0.0;15.0;55;17.7;34.9;128;22.42
PONTARLIER;46.9;6.35;07/06/2026;80;25.0;13.8;26.1;13.2;05:40;21:26;5.1;6.95;6.9;1.5;5.4;0.0;12.0;42;18.9;42.8;84;24.62
PONTARLIER;46.9;6.35;08/06/2026;80;17.2;9.6;16.1;7.1;05:40;21:26;7.0;7.0;19.2;8.1;11.1;0.0;24.0;25;20.8;55.8;233;17.25
PONTARLIER;46.9;6.35;09/06/2026;51;14.3;7.6;13.0;5.2;05:40;21:27;4.85;6.85;4.5;2.4;2.1;0.0;21.0;34;13.4;43.6;274;21.2
PONTARLIER;46.9;6.35;10/06/2026;2;16.5;9.0;15.2;7.8;05:39;21:28;5.0;6.75;0.0;0.0;0.0;0.0;0.0;32;13.0;29.5;9;20.97
PONTARLIER;46.9;6.35;11/06/2026;51;22.1;10.4;24.4;8.9;05:39;21:28;6.05;6.95;0.6;0.6;0.0;0.0;6.0;37;9.6;22.7;81;29.6
PONTARLIER;46.9;6.35;12/06/2026;51;21.8;12.5;23.7;11.8;05:39;21:29;6.55;6.95;1.5;0.0;1.5;0.0;15.0;;7.3;13.0;155;20.01
LA ROCHELLE;46.16;-1.15;28/05/2026;3;35.3;20.0;33.7;20.4;06:19;21:44;7.45;7.45;0.0;0.0;0.0;0.0;0.0;0;14.4;28.0;308;28.73
LA ROCHELLE;46.16;-1.15;29/05/2026;3;33.7;23.4;31.6;23.6;06:18;21:45;7.35;7.55;0.0;0.0;0.0;0.0;0.0;0;16.3;30.2;204;26.41
LA ROCHELLE;46.16;-1.15;30/05/2026;3;27.4;21.7;28.1;23.4;06:17;21:46;7.25;7.5;0.0;0.0;0.0;0.0;0.0;0;18.9;36.0;233;27.62
LA ROCHELLE;46.16;-1.15;31/05/2026;3;29.4;21.1;27.0;19.0;06:17;21:47;6.1;7.55;0.0;0.0;0.0;0.0;0.0;3;35.1;57.2;301;25.4
LA ROCHELLE;46.16;-1.15;01/06/2026;3;28.2;18.9;27.0;18.5;06:16;21:48;7.1;7.55;0.0;0.0;0.0;0.0;0.0;5;26.6;44.3;308;27.13
LA ROCHELLE;46.16;-1.15;02/06/2026;53;19.2;16.7;18.1;14.0;06:16;21:49;7.05;7.05;7.5;1.2;6.3;0.0;21.0;63;31.6;66.2;270;21.91
LA ROCHELLE;46.16;-1.15;03/06/2026;51;19.0;16.5;15.2;13.7;06:15;21:49;2.45;7.1;2.7;1.5;1.2;0.0;21.0;43;36.8;80.6;249;14.19
LA ROCHELLE;46.16;-1.15;04/06/2026;51;18.1;16.0;13.8;11.6;06:15;21:50;6.85;7.0;2.1;0.9;1.2;0.0;21.0;50;35.9;81.4;260;22.68
LA ROCHELLE;46.16;-1.15;05/06/2026;51;17.8;14.8;16.3;11.6;06:14;21:51;5.25;7.0;3.0;1.5;1.5;0.0;24.0;47;26.1;74.2;270;24.6
LA ROCHELLE;46.16;-1.15;06/06/2026;51;19.2;12.8;16.6;11.9;06:14;21:52;7.15;7.15;0.6;0.3;0.3;0.0;6.0;29;19.8;43.2;51;17.02
LA ROCHELLE;46.16;-1.15;07/06/2026;51;19.5;14.1;20.5;12.1;06:13;21:53;6.4;7.15;5.7;3.9;1.8;0.0;24.0;23;19.3;44.3;12;16.38
LA ROCHELLE;46.16;-1.15;08/06/2026;53;17.4;13.1;15.0;9.1;06:13;21:53;7.1;7.1;10.8;7.8;3.0;0.0;15.0;13;35.6;76.3;312;13.23
LA ROCHELLE;46.16;-1.15;09/06/2026;51;17.5;14.8;16.0;12.4;06:13;21:54;6.55;7.1;0.6;0.0;0.6;0.0;6.0;14;25.6;70.9;273;16.26
LA ROCHELLE;46.16;-1.15;10/06/2026;51;19.1;16.4;19.3;15.6;06:13;21:55;3.5;7.15;1.2;0.6;0.6;0.0;6.0;13;11.1;33.1;256;19.89
LA ROCHELLE;46.16;-1.15;11/06/2026;3;24.0;14.4;26.5;13.8;06:12;21:55;5.2;7.1;0.0;0.0;0.0;0.0;0.0;11;14.0;30.6;1;27.08
LA ROCHELLE;46.16;-1.15;12/06/2026;51;22.9;13.7;22.5;13.9;06:12;21:56;5.85;7.1;0.6;0.0;0.6;0.0;6.0;23;16.6;31.0;323;22.33
BORDEAUX;44.83;-0.57;28/05/2026;2;35.6;21.5;37.4;23.6;06:21;21:37;7.35;7.4;0.0;0.0;0.0;0.0;0.0;3;10.4;19.8;17;29.1
BORDEAUX;44.83;-0.57;29/05/2026;3;34.9;21.2;37.2;21.8;06:21;21:38;7.4;7.45;0.0;0.0;0.0;0.0;0.0;0;11.5;23.0;49;29.01
BORDEAUX;44.83;-0.57;30/05/2026;3;27.1;20.2;28.8;21.4;06:20;21:39;7.45;7.45;0.0;0.0;0.0;0.0;0.0;0;17.0;37.1;252;24.08
BORDEAUX;44.83;-0.57;31/05/2026;3;25.1;17.8;25.4;18.6;06:19;21:40;6.55;7.45;0.0;0.0;0.0;0.0;0.0;0;16.8;35.6;288;22.74
BORDEAUX;44.83;-0.57;01/06/2026;45;25.5;16.8;25.3;18.4;06:19;21:40;7.45;7.45;0.0;0.0;0.0;0.0;0.0;3;16.8;36.0;276;19.74
BORDEAUX;44.83;-0.57;02/06/2026;3;22.0;16.5;19.8;15.9;06:18;21:41;6.0;6.85;1.5;0.3;1.05;0.0;3.0;45;24.9;52.2;260;19.29
BORDEAUX;44.83;-0.57;03/06/2026;61;19.4;15.1;19.8;14.7;06:18;21:42;6.85;7.15;0.3;0.3;0.0;0.0;3.0;23;16.3;33.5;248;5.4
BORDEAUX;44.83;-0.57;04/06/2026;80;22.0;16.3;19.3;13.8;06:17;21:43;7.05;6.95;2.1;0.0;1.5;0.0;6.0;35;21.5;56.9;253;17.6
BORDEAUX;44.83;-0.57;05/06/2026;51;20.1;12.9;19.3;12.0;06:17;21:44;5.7;6.95;1.5;0.6;0.9;0.0;15.0;37;11.1;37.4;232;23.91
BORDEAUX;44.83;-0.57;06/06/2026;61;20.6;14.2;19.6;13.8;06:17;21:44;6.0;7.0;9.6;3.0;6.6;0.0;9.0;23;13.8;31.3;23;14.01
BORDEAUX;44.83;-0.57;07/06/2026;61;21.1;15.2;21.0;15.5;06:16;21:45;7.1;7.1;7.2;3.6;3.6;0.0;15.0;16;15.5;46.4;254;22.54
BORDEAUX;44.83;-0.57;08/06/2026;53;17.6;13.1;14.9;10.2;06:16;21:46;4.8;6.95;7.5;4.2;3.3;0.0;21.0;7;27.3;62.6;274;13.99
BORDEAUX;44.83;-0.57;09/06/2026;51;20.5;12.4;19.7;11.8;06:16;21:46;5.1;6.95;0.3;0.0;0.3;0.0;3.0;16;11.6;44.6;273;22.44
BORDEAUX;44.83;-0.57;10/06/2026;2;22.9;12.6;24.2;12.9;06:15;21:47;5.8;7.0;0.0;0.0;0.0;0.0;0.0;18;7.2;20.2;19;25.82
BORDEAUX;44.83;-0.57;11/06/2026;3;26.5;14.8;28.4;15.2;06:15;21:47;3.75;7.1;0.0;0.0;0.0;0.0;0.0;15;8.8;23.4;54;28.26
BORDEAUX;44.83;-0.57;12/06/2026;51;19.9;15.9;20.6;17.2;06:15;21:48;0.85;6.8;3.75;1.05;2.7;0.0;18.0;;5.9;18.6;288;1.99
BIARRITZ;43.48;-1.56;28/05/2026;3;27.0;19.9;28.7;21.2;06:30;21:36;7.45;7.45;0.0;0.0;0.0;0.0;0.0;0;17.2;31.0;294;28.82
BIARRITZ;43.48;-1.56;29/05/2026;3;22.0;19.5;23.3;19.1;06:29;21:37;7.5;7.5;0.0;0.0;0.0;0.0;0.0;0;23.6;37.4;273;23.3
BIARRITZ;43.48;-1.56;30/05/2026;3;21.5;19.2;21.7;18.8;06:29;21:38;7.55;7.55;0.0;0.0;0.0;0.0;0.0;0;22.0;34.6;274;18.45
BIARRITZ;43.48;-1.56;31/05/2026;3;22.3;19.0;23.0;17.8;06:28;21:39;7.3;7.55;0.0;0.0;0.0;0.0;0.0;8;25.2;39.2;271;25.91
BIARRITZ;43.48;-1.56;01/06/2026;3;24.0;17.4;25.5;18.1;06:28;21:40;7.2;7.6;0.0;0.0;0.0;0.0;0.0;3;17.1;33.8;300;26.05
BIARRITZ;43.48;-1.56;02/06/2026;53;20.4;16.6;20.0;15.5;06:27;21:40;6.65;7.05;3.0;0.6;2.4;0.0;15.0;29;19.7;48.2;272;14.2
BIARRITZ;43.48;-1.56;03/06/2026;51;22.8;14.6;23.7;13.9;06:27;21:41;7.25;7.3;2.1;1.8;0.3;0.0;9.0;35;15.0;35.6;256;25.68
BIARRITZ;43.48;-1.56;04/06/2026;53;19.5;15.9;20.1;14.6;06:26;21:42;2.95;6.85;5.7;4.5;1.2;0.0;21.0;31;19.6;44.6;290;7.99
BIARRITZ;43.48;-1.56;05/06/2026;51;18.5;13.4;18.2;12.3;06:26;21:43;4.35;6.85;2.4;1.8;0.6;0.0;18.0;29;11.8;40.7;272;22.43
BIARRITZ;43.48;-1.56;06/06/2026;61;19.5;13.3;20.3;12.7;06:26;21:43;6.95;7.15;28.5;8.7;19.8;0.0;24.0;42;11.9;33.8;88;17.92
BIARRITZ;43.48;-1.56;07/06/2026;55;21.5;14.5;20.1;14.0;06:25;21:44;7.2;7.2;6.9;3.3;3.6;0.0;12.0;27;21.0;51.8;258;26.78
BIARRITZ;43.48;-1.56;08/06/2026;55;17.4;14.8;14.5;11.0;06:25;21:45;3.9;6.95;8.1;2.1;6.0;0.0;21.0;23;30.2;78.8;283;25.25
BIARRITZ;43.48;-1.56;09/06/2026;51;18.9;13.3;19.3;11.9;06:25;21:45;3.4;6.95;1.8;1.2;0.6;0.0;12.0;36;12.1;46.8;273;24.88
BIARRITZ;43.48;-1.56;10/06/2026;3;22.4;10.8;25.1;10.6;06:25;21:46;7.2;7.2;0.0;0.0;0.0;0.0;0.0;32;8.8;29.5;8;28.22
BIARRITZ;43.48;-1.56;11/06/2026;3;26.6;13.4;29.1;13.7;06:24;21:46;4.85;7.15;0.0;0.0;0.0;0.0;0.0;27;13.0;32.0;65;28.04
BIARRITZ;43.48;-1.56;12/06/2026;51;18.0;15.1;19.0;16.2;06:24;21:47;2.9;6.8;3.9;1.5;2.4;0.0;21.0;29;11.9;28.9;245;5.9
TARBES;43.23;0.07;28/05/2026;0;33.6;16.5;34.1;15.5;06:24;21:29;7.55;7.55;0.0;0.0;0.0;0.0;0.0;0;14.8;31.0;100;29.58
TARBES;43.23;0.07;29/05/2026;3;31.7;16.5;33.6;15.6;06:24;21:30;7.55;7.55;0.0;0.0;0.0;0.0;0.0;0;10.9;22.0;309;29.15
TARBES;43.23;0.07;30/05/2026;3;28.0;17.5;30.9;18.3;06:23;21:30;6.9;7.65;0.0;0.0;0.0;0.0;0.0;0;16.5;35.3;289;22.62
TARBES;43.23;0.07;31/05/2026;3;21.7;17.1;21.8;16.8;06:23;21:31;4.95;7.45;0.0;0.0;0.0;0.0;0.0;0;15.5;32.8;282;12.79
TARBES;43.23;0.07;01/06/2026;3;24.5;15.7;25.0;16.1;06:22;21:32;7.6;7.6;0.0;0.0;0.0;0.0;0.0;0;10.6;23.4;303;17.16
TARBES;43.23;0.07;02/06/2026;3;18.5;15.1;18.7;13.5;06:22;21:33;5.1;6.9;0.0;0.0;0.0;0.0;0.0;14;27.7;50.8;274;8.02
TARBES;43.23;0.07;03/06/2026;3;21.2;13.8;19.9;12.0;06:21;21:34;7.3;7.3;0.0;0.0;0.0;0.0;0.0;15;15.1;28.4;271;20.39
TARBES;43.23;0.07;04/06/2026;61;17.5;15.4;19.1;11.6;06:21;21:34;1.15;6.9;9.3;8.1;1.5;0.0;15.0;33;17.4;39.2;272;3.63
TARBES;43.23;0.07;05/06/2026;51;19.0;11.6;17.9;10.7;06:20;21:35;1.55;6.8;0.75;0.15;0.6;0.0;9.0;43;11.9;29.5;349;22.17
TARBES;43.23;0.07;06/06/2026;51;21.3;13.4;21.4;12.9;06:20;21:36;6.5;7.05;0.6;0.6;0.0;0.0;6.0;33;10.9;27.0;69;18.91
TARBES;43.23;0.07;07/06/2026;53;17.4;13.1;18.9;10.6;06:20;21:37;7.25;7.25;8.1;3.6;4.5;0.0;21.0;24;16.4;42.1;234;17.5
TARBES;43.23;0.07;08/06/2026;53;15.6;10.6;11.6;5.9;06:19;21:37;3.9;7.05;9.3;4.8;4.5;0.0;21.0;17;30.5;60.5;259;20.52
TARBES;43.23;0.07;09/06/2026;0;19.1;10.4;19.4;8.1;06:19;21:38;4.05;6.95;0.0;0.0;0.0;0.0;0.0;18;14.4;44.6;271;28.44
TARBES;43.23;0.07;10/06/2026;0;22.5;10.5;23.6;9.2;06:19;21:38;5.4;7.15;0.0;0.0;0.0;0.0;0.0;27;9.4;25.6;95;29.2
TARBES;43.23;0.07;11/06/2026;1;25.9;14.2;28.0;13.5;06:19;21:39;5.4;7.2;0.0;0.0;0.0;0.0;0.0;24;8.6;24.5;73;29.39
TARBES;43.23;0.07;12/06/2026;53;18.7;14.4;19.7;14.7;06:19;21:39;1.35;6.9;4.35;2.55;1.8;0.0;15.0;;9.9;18.7;278;3.76
TOULOUSE;43.6;1.44;28/05/2026;1;34.8;20.0;35.4;20.7;06:18;21:24;7.55;7.55;0.0;0.0;0.0;0.0;0.0;0;13.7;34.9;336;29.34
TOULOUSE;43.6;1.44;29/05/2026;3;34.2;20.0;34.4;21.0;06:17;21:25;7.55;7.55;0.0;0.0;0.0;0.0;0.0;0;12.9;28.4;345;29.57
TOULOUSE;43.6;1.44;30/05/2026;3;31.5;18.8;34.9;20.2;06:16;21:26;7.4;7.6;0.0;0.0;0.0;0.0;0.0;0;19.5;43.9;283;24.64
TOULOUSE;43.6;1.44;31/05/2026;3;25.1;18.5;24.8;18.9;06:16;21:27;4.9;7.45;0.0;0.0;0.0;0.0;0.0;3;16.8;41.0;285;14.71
TOULOUSE;43.6;1.44;01/06/2026;3;25.8;16.2;25.8;16.4;06:15;21:28;7.65;7.65;0.0;0.0;0.0;0.0;0.0;0;13.3;34.2;298;22.87
TOULOUSE;43.6;1.44;02/06/2026;80;22.4;16.9;21.7;14.8;06:15;21:29;3.95;6.8;0.6;0.0;0.6;0.0;6.0;21;31.9;57.6;281;11.85
TOULOUSE;43.6;1.44;03/06/2026;3;23.3;14.1;21.9;12.8;06:14;21:30;7.15;7.25;0.0;0.0;0.0;0.0;0.0;20;18.7;33.8;277;19.26
TOULOUSE;43.6;1.44;04/06/2026;80;18.5;16.3;20.5;15.0;06:14;21:30;0.85;7.05;11.4;9.9;1.5;0.0;9.0;26;11.7;30.6;280;4.08
TOULOUSE;43.6;1.44;05/06/2026;3;21.3;13.5;21.0;13.0;06:14;21:31;3.95;6.9;0.0;0.0;0.0;0.0;0.0;39;12.4;28.4;288;23.08
TOULOUSE;43.6;1.44;06/06/2026;51;23.1;14.4;22.1;13.7;06:13;21:32;5.6;6.95;0.3;0.3;0.0;0.0;3.0;25;24.2;58.7;116;19.12
TOULOUSE;43.6;1.44;07/06/2026;61;18.5;16.1;20.6;16.9;06:13;21:32;7.25;7.25;16.8;7.5;9.3;0.0;24.0;13;21.7;62.3;136;9.86
TOULOUSE;43.6;1.44;08/06/2026;51;17.0;13.2;15.6;10.1;06:13;21:33;5.25;7.1;2.7;1.2;1.5;0.0;15.0;8;22.6;66.2;269;18.67
TOULOUSE;43.6;1.44;09/06/2026;2;19.5;11.6;18.8;9.9;06:12;21:34;4.95;7.1;0.0;0.0;0.0;0.0;0.0;8;13.9;46.8;295;24.49
TOULOUSE;43.6;1.44;10/06/2026;0;23.0;12.6;24.0;12.2;06:12;21:34;5.6;7.15;0.0;0.0;0.0;0.0;0.0;14;8.1;26.3;339;29.17
TOULOUSE;43.6;1.44;11/06/2026;2;26.6;14.1;29.0;14.7;06:12;21:35;5.4;7.2;0.0;0.0;0.0;0.0;0.0;14;5.7;19.4;30;29.21
TOULOUSE;43.6;1.44;12/06/2026;53;22.6;17.0;22.8;18.3;06:12;21:35;3.4;7.05;5.4;1.5;3.9;0.0;18.0;;16.2;22.3;303;12.7
AURILLAC;44.92;2.44;28/05/2026;3;30.2;14.7;29.7;13.1;06:09;21:25;7.55;7.55;0.0;0.0;0.0;0.0;0.0;0;15.3;31.7;31;29.78
AURILLAC;44.92;2.44;29/05/2026;3;30.0;14.7;30.5;13.7;06:08;21:26;7.55;7.55;0.0;0.0;0.0;0.0;0.0;0;15.0;29.9;67;30.0
AURILLAC;44.92;2.44;30/05/2026;3;27.5;16.6;29.9;15.9;06:08;21:27;6.9;7.6;0.0;0.0;0.0;0.0;0.0;0;12.6;23.4;238;24.94
AURILLAC;44.92;2.44;31/05/2026;45;22.1;16.7;21.4;16.6;06:07;21:28;6.75;7.45;0.0;0.0;0.1;0.0;0.0;5;18.2;31.7;288;13.98
AURILLAC;44.92;2.44;01/06/2026;3;21.5;11.8;20.5;11.4;06:07;21:29;7.1;7.65;0.0;0.0;0.0;0.0;0.0;5;16.8;29.9;317;25.89
AURILLAC;44.92;2.44;02/06/2026;80;18.3;13.5;15.7;11.4;06:06;21:30;1.85;6.75;5.7;2.25;4.05;0.0;9.0;60;22.6;55.4;259;12.93
AURILLAC;44.92;2.44;03/06/2026;3;15.6;11.7;15.2;10.0;06:06;21:30;3.25;7.1;0.0;0.0;0.0;0.0;0.0;61;15.1;32.0;254;9.4
AURILLAC;44.92;2.44;04/06/2026;80;14.9;12.8;14.4;9.1;06:05;21:31;2.0;6.9;12.6;9.3;3.6;0.0;21.0;57;15.8;49.0;259;3.74
AURILLAC;44.92;2.44;05/06/2026;51;16.2;8.9;15.1;7.8;06:05;21:32;4.1;6.85;2.4;0.0;2.4;0.0;18.0;59;13.6;32.0;270;21.14
AURILLAC;44.92;2.44;06/06/2026;61;19.2;10.6;16.2;9.5;06:04;21:33;4.6;6.9;9.6;2.1;7.5;0.0;18.0;37;28.8;53.6;134;16.35
AURILLAC;44.92;2.44;07/06/2026;81;19.6;12.1;18.5;11.4;06:04;21:33;7.25;7.25;39.3;16.8;22.5;0.0;24.0;27;27.9;61.9;152;8.23
AURILLAC;44.92;2.44;08/06/2026;61;11.6;9.1;11.2;5.9;06:04;21:34;5.45;7.1;17.7;9.6;8.1;0.0;24.0;20;22.5;58.7;245;10.35
AURILLAC;44.92;2.44;09/06/2026;51;14.8;8.6;12.3;6.2;06:03;21:35;7.0;7.2;2.1;0.9;1.2;0.0;15.0;27;16.5;34.9;303;18.86
AURILLAC;44.92;2.44;10/06/2026;1;19.0;6.6;18.0;4.7;06:03;21:35;7.15;7.25;0.0;0.0;0.0;0.0;0.0;24;16.1;43.9;327;25.26
AURILLAC;44.92;2.44;11/06/2026;3;22.2;11.0;24.7;8.7;06:03;21:36;5.5;7.25;0.0;0.0;0.0;0.0;0.0;18;15.1;29.9;93;29.7
AURILLAC;44.92;2.44;12/06/2026;51;22.8;12.4;22.8;12.7;06:03;21:36;4.85;7.15;2.4;0.3;2.1;0.0;9.0;;6.4;9.7;309;17.0
MONTÉLIMAR;44.55;4.75;28/05/2026;3;32.3;16.2;30.1;15.8;06:01;21:14;7.5;7.5;0.0;0.0;0.0;0.0;0.0;0;32.9;57.2;16;28.49
MONTÉLIMAR;44.55;4.75;29/05/2026;1;32.4;17.0;34.1;16.3;06:00;21:15;7.5;7.5;0.0;0.0;0.0;0.0;0.0;3;20.0;36.0;46;28.38
MONTÉLIMAR;44.55;4.75;30/05/2026;3;33.2;16.5;34.8;17.5;06:00;21:16;7.4;7.55;0.0;0.0;0.0;0.0;0.0;5;12.9;24.8;192;25.11
MONTÉLIMAR;44.55;4.75;31/05/2026;45;31.0;17.9;32.9;20.5;05:59;21:17;7.5;7.5;0.0;0.0;0.1;0.0;0.0;10;24.2;46.4;6;23.47
MONTÉLIMAR;44.55;4.75;01/06/2026;3;27.8;18.5;25.2;16.6;05:59;21:18;7.35;7.55;0.0;0.0;0.0;0.0;0.0;3;33.1;60.5;13;26.98
MONTÉLIMAR;44.55;4.75;02/06/2026;3;25.6;16.2;26.3;16.9;05:58;21:19;3.8;7.05;0.6;0.45;0.0;0.0;3.0;23;19.0;43.9;277;19.75
MONTÉLIMAR;44.55;4.75;03/06/2026;2;25.6;17.4;25.4;16.7;05:58;21:20;7.05;7.15;0.0;0.0;0.0;0.0;0.0;25;14.4;51.5;359;25.87
MONTÉLIMAR;44.55;4.75;04/06/2026;80;21.0;14.7;26.0;13.6;05:57;21:20;3.15;7.15;9.6;9.3;0.3;0.0;12.0;22;16.1;16.6;87;8.52
MONTÉLIMAR;44.55;4.75;05/06/2026;3;21.9;15.1;22.5;14.0;05:57;21:21;3.15;6.8;2.4;1.05;1.35;0.0;3.0;26;15.3;42.1;10;29.54
MONTÉLIMAR;44.55;4.75;06/06/2026;51;23.9;15.6;23.9;15.8;05:56;21:22;0.8;6.8;1.8;1.2;0.6;0.0;6.0;16;13.5;51.5;236;18.93
MONTÉLIMAR;44.55;4.75;07/06/2026;51;29.4;17.1;27.4;19.1;05:56;21:23;7.2;7.2;1.2;0.0;1.2;0.0;3.0;9;33.9;80.6;191;23.19
MONTÉLIMAR;44.55;4.75;08/06/2026;51;22.7;16.7;22.9;15.9;05:56;21:23;7.1;7.2;4.2;1.8;2.4;0.0;21.0;8;15.9;67.0;225;24.2
MONTÉLIMAR;44.55;4.75;09/06/2026;2;21.5;14.4;19.3;11.9;05:56;21:24;5.5;7.15;0.0;0.0;0.0;0.0;0.0;8;23.6;59.8;13;26.21
MONTÉLIMAR;44.55;4.75;10/06/2026;0;23.2;15.1;21.2;11.5;05:55;21:24;6.95;7.15;0.0;0.0;0.0;0.0;0.0;13;27.3;64.8;10;29.08
MONTÉLIMAR;44.55;4.75;11/06/2026;0;27.5;17.0;29.4;14.5;05:55;21:25;6.55;7.2;0.0;0.0;0.0;0.0;0.0;13;19.4;49.0;24;29.08
MONTÉLIMAR;44.55;4.75;12/06/2026;3;30.5;17.4;32.3;18.5;05:55;21:26;7.2;7.25;0.0;0.0;0.0;0.0;0.0;;16.8;25.9;198;28.88
GAP;44.55;6.07;28/05/2026;3;29.6;15.2;32.1;14.3;05:56;21:09;7.7;7.7;0.0;0.0;0.0;0.0;0.0;35;12.1;33.1;94;26.65
GAP;44.55;6.07;29/05/2026;80;27.3;14.5;28.1;14.1;05:55;21:10;7.35;7.6;1.1;0.8;0.2;0.0;4.0;78;15.9;41.8;201;20.97
GAP;44.55;6.07;30/05/2026;3;26.9;12.8;28.0;12.3;05:55;21:11;6.45;7.7;0.3;0.0;0.2;0.0;1.0;45;11.6;24.5;216;23.7
GAP;44.55;6.07;31/05/2026;3;28.5;13.6;31.1;13.6;05:54;21:12;7.45;7.7;0.0;0.0;0.0;0.0;0.0;0;11.8;31.0;302;27.91
GAP;44.55;6.07;01/06/2026;3;27.3;15.0;27.8;15.3;05:53;21:13;7.3;7.75;0.0;0.0;0.0;0.0;0.0;0;11.6;21.2;358;27.93
GAP;44.55;6.07;02/06/2026;3;22.2;13.0;22.1;11.7;05:53;21:14;5.3;7.25;0.6;0.0;0.6;0.0;3.0;25;22.6;45.4;251;18.36
GAP;44.55;6.07;03/06/2026;2;22.4;11.7;21.2;10.2;05:52;21:14;7.45;7.45;0.0;0.0;0.0;0.0;0.0;28;14.4;31.0;260;29.97
GAP;44.55;6.07;04/06/2026;63;20.5;10.3;23.9;8.5;05:52;21:15;3.25;7.35;18.9;17.1;1.5;0.0;9.0;26;11.7;15.1;187;14.28
GAP;44.55;6.07;05/06/2026;51;21.1;13.0;21.1;13.4;05:52;21:16;5.7;7.25;5.7;3.6;2.1;0.0;9.0;32;7.7;23.0;222;28.71
GAP;44.55;6.07;06/06/2026;51;23.8;13.0;23.9;12.0;05:51;21:17;3.3;7.15;0.6;0.6;0.0;0.0;6.0;21;9.8;43.2;110;22.3
GAP;44.55;6.07;07/06/2026;53;26.7;15.5;28.0;15.7;05:51;21:17;7.15;7.45;6.9;0.6;6.3;0.0;15.0;16;6.3;45.7;108;18.03
GAP;44.55;6.07;08/06/2026;61;19.1;14.0;20.4;13.1;05:51;21:18;7.4;7.4;12.3;2.4;9.9;0.0;9.0;13;8.2;32.4;226;17.96
GAP;44.55;6.07;09/06/2026;2;19.8;9.9;20.2;8.4;05:50;21:19;6.8;7.45;0.0;0.0;0.0;0.0;0.0;14;10.5;30.6;325;27.18
GAP;44.55;6.07;10/06/2026;2;23.7;10.8;24.5;9.6;05:50;21:19;7.35;7.4;0.0;0.0;0.0;0.0;0.0;25;8.5;27.7;310;28.89
GAP;44.55;6.07;11/06/2026;51;23.2;12.0;24.3;11.4;05:50;21:20;7.15;7.45;3.0;1.2;1.8;0.0;12.0;29;7.1;25.2;319;25.93
GAP;44.55;6.07;12/06/2026;53;26.1;14.7;28.1;14.1;05:50;21:20;7.3;7.5;1.5;0.9;0.6;0.0;3.0;;14.3;14.0;97;26.39
PERPIGNAN;42.69;2.89;28/05/2026;3;38.8;24.8;33.9;24.0;06:15;21:16;7.65;7.65;0.0;0.0;0.0;0.0;0.0;0;25.8;45.4;307;28.77
PERPIGNAN;42.69;2.89;29/05/2026;1;31.2;23.1;29.9;23.3;06:14;21:17;7.65;7.65;0.0;0.0;0.0;0.0;0.0;0;16.3;32.8;89;28.78
PERPIGNAN;42.69;2.89;30/05/2026;3;31.0;20.2;32.5;23.0;06:14;21:17;7.7;7.7;0.0;0.0;0.0;0.0;0.0;0;15.8;31.7;102;26.06
PERPIGNAN;42.69;2.89;31/05/2026;3;35.6;24.9;35.9;22.8;06:13;21:18;7.65;7.65;0.0;0.0;0.0;0.0;0.0;0;28.2;49.3;310;28.92
PERPIGNAN;42.69;2.89;01/06/2026;3;33.9;24.5;35.3;22.8;06:13;21:19;7.7;7.7;0.0;0.0;0.0;0.0;0.0;2;27.8;47.2;302;25.67
PERPIGNAN;42.69;2.89;02/06/2026;61;28.0;20.7;29.1;18.7;06:12;21:20;2.3;7.1;9.0;2.1;6.9;0.0;15.0;17;23.3;49.7;299;23.78
PERPIGNAN;42.69;2.89;03/06/2026;3;27.4;17.0;26.2;13.5;06:12;21:21;7.4;7.4;0.0;0.0;0.0;0.0;0.0;18;25.7;52.9;318;27.8
PERPIGNAN;42.69;2.89;04/06/2026;53;22.8;18.8;23.8;16.7;06:11;21:21;3.3;7.2;3.3;2.4;0.9;0.0;9.0;10;23.7;60.8;334;23.79
PERPIGNAN;42.69;2.89;05/06/2026;51;24.0;16.5;23.2;14.9;06:11;21:22;4.3;7.1;0.3;0.0;0.3;0.0;3.0;16;16.5;52.6;8;21.16
PERPIGNAN;42.69;2.89;06/06/2026;51;22.4;16.6;21.6;16.5;06:11;21:23;5.8;7.1;1.2;1.2;0.0;0.0;6.0;13;23.5;51.8;130;13.55
PERPIGNAN;42.69;2.89;07/06/2026;51;27.8;18.6;28.5;20.6;06:10;21:23;7.4;7.4;0.6;0.6;0.0;0.0;6.0;12;21.3;50.4;149;24.79
PERPIGNAN;42.69;2.89;08/06/2026;3;23.5;17.6;19.8;13.1;06:10;21:24;7.25;7.3;0.0;0.0;0.0;0.0;0.0;19;33.7;77.4;295;24.73
PERPIGNAN;42.69;2.89;09/06/2026;1;24.3;15.8;20.9;11.2;06:10;21:25;5.2;7.2;0.0;0.0;0.0;0.0;0.0;14;29.1;63.4;309;28.98
PERPIGNAN;42.69;2.89;10/06/2026;1;28.6;16.9;26.3;14.4;06:10;21:25;6.45;7.3;0.0;0.0;0.0;0.0;0.0;17;20.7;50.8;304;29.45
PERPIGNAN;42.69;2.89;11/06/2026;1;27.5;18.1;27.1;16.8;06:09;21:26;7.2;7.35;0.0;0.0;0.0;0.0;0.0;19;16.4;42.5;89;29.3
PERPIGNAN;42.69;2.89;12/06/2026;2;25.5;19.6;26.4;20.9;06:09;21:26;7.4;7.4;0.0;0.0;0.0;0.0;0.0;20;18.4;21.4;72;29.11
MONTPELLIER;43.61;3.87;28/05/2026;2;36.1;18.9;36.1;19.9;06:08;21:15;7.55;7.55;0.0;0.0;0.0;0.0;0.0;0;14.8;31.3;354;28.85
MONTPELLIER;43.61;3.87;29/05/2026;0;31.4;21.2;32.7;21.2;06:07;21:16;7.55;7.55;0.0;0.0;0.0;0.0;0.0;0;17.5;33.5;161;28.57
MONTPELLIER;43.61;3.87;30/05/2026;3;29.9;18.4;31.2;19.7;06:07;21:17;7.55;7.6;0.0;0.0;0.0;0.0;0.0;3;18.2;37.1;209;26.11
MONTPELLIER;43.61;3.87;31/05/2026;3;33.1;18.4;35.1;20.2;06:06;21:17;7.45;7.55;0.0;0.0;0.0;0.0;0.0;3;19.7;43.9;302;27.34
MONTPELLIER;43.61;3.87;01/06/2026;3;31.3;20.2;33.2;20.1;06:05;21:18;7.65;7.65;0.0;0.0;0.0;0.0;0.0;1;20.0;44.6;304;27.04
MONTPELLIER;43.61;3.87;02/06/2026;80;26.2;18.7;23.8;18.1;06:05;21:19;3.95;7.1;0.3;0.0;0.3;0.0;3.0;18;23.4;49.0;278;19.14
MONTPELLIER;43.61;3.87;03/06/2026;2;26.3;16.5;24.2;14.9;06:05;21:20;7.35;7.35;0.0;0.0;0.0;0.0;0.0;20;24.5;55.8;287;26.21
MONTPELLIER;43.61;3.87;04/06/2026;61;23.5;17.3;25.6;17.1;06:04;21:21;5.6;7.15;4.2;2.1;2.1;0.0;3.0;12;14.0;23.0;275;9.08
MONTPELLIER;43.61;3.87;05/06/2026;3;24.3;16.5;25.8;15.0;06:04;21:21;4.8;7.05;0.0;0.0;0.0;0.0;0.0;18;11.5;32.0;280;29.23
MONTPELLIER;43.61;3.87;06/06/2026;51;20.5;17.1;21.9;17.0;06:03;21:22;0.9;6.9;1.2;1.2;0.0;0.0;6.0;12;16.5;49.3;152;15.42
MONTPELLIER;43.61;3.87;07/06/2026;51;23.3;18.1;22.9;19.3;06:03;21:23;7.35;7.35;0.6;0.0;0.6;0.0;6.0;5;27.5;63.0;137;20.44
MONTPELLIER;43.61;3.87;08/06/2026;2;22.3;16.9;20.2;14.3;06:03;21:23;7.25;7.25;0.0;0.0;0.0;0.0;0.0;1;27.4;68.8;284;26.46
MONTPELLIER;43.61;3.87;09/06/2026;2;25.6;15.5;22.9;13.3;06:03;21:24;6.75;7.2;0.0;0.0;0.0;0.0;0.0;4;23.3;53.3;308;27.39
MONTPELLIER;43.61;3.87;10/06/2026;0;28.5;15.4;28.2;13.4;06:02;21:25;6.7;7.3;0.0;0.0;0.0;0.0;0.0;3;14.5;50.4;357;29.7
MONTPELLIER;43.61;3.87;11/06/2026;1;29.9;18.5;31.1;16.9;06:02;21:25;6.65;7.3;0.0;0.0;0.0;0.0;0.0;10;8.4;36.0;322;29.49
MONTPELLIER;43.61;3.87;12/06/2026;3;28.9;18.2;29.9;19.1;06:02;21:26;7.25;7.3;0.15;0.15;0.0;0.0;3.0;;17.6;23.4;188;28.32
MARSEILLE;43.296;5.381;28/05/2026;3;29.8;21.1;30.9;22.7;06:03;21:08;7.75;7.75;0.0;0.0;0.0;0.0;0.0;0;14.5;24.8;253;28.5
MARSEILLE;43.296;5.381;29/05/2026;3;29.5;21.5;30.4;23.9;06:02;21:09;7.7;7.7;0.0;0.0;0.0;0.0;0.0;35;13.0;29.9;272;26.65
MARSEILLE;43.296;5.381;30/05/2026;3;29.1;22.4;28.5;23.5;06:02;21:09;7.2;7.75;0.0;0.0;0.0;0.0;0.0;10;15.9;31.5;259;26.81
MARSEILLE;43.296;5.381;31/05/2026;2;30.1;22.7;31.4;22.9;06:01;21:10;7.5;7.7;0.0;0.0;0.0;0.0;0.0;8;13.4;24.1;235;28.52
MARSEILLE;43.296;5.381;01/06/2026;3;33.4;21.6;32.0;22.4;06:01;21:11;7.75;7.8;0.0;0.0;0.0;0.0;0.0;3;24.9;45.7;284;28.6
MARSEILLE;43.296;5.381;02/06/2026;61;22.5;20.3;25.3;20.0;06:00;21:12;4.95;7.3;5.7;2.4;3.3;0.0;9.0;16;23.0;53.6;218;23.0
MARSEILLE;43.296;5.381;03/06/2026;3;24.6;18.5;23.6;15.4;06:00;21:13;7.45;7.5;0.0;0.0;0.0;0.0;0.0;18;24.9;59.8;295;28.54
MARSEILLE;43.296;5.381;04/06/2026;55;24.0;19.7;25.0;18.6;05:59;21:13;5.8;7.45;3.3;3.0;0.3;0.0;3.0;9;16.4;46.1;264;28.52
MARSEILLE;43.296;5.381;05/06/2026;55;22.7;17.2;22.5;14.8;05:59;21:14;6.85;7.4;3.3;3.0;0.3;0.0;3.0;13;22.1;49.0;303;29.08
MARSEILLE;43.296;5.381;06/06/2026;51;24.5;17.7;23.6;18.3;05:59;21:15;3.45;7.2;0.6;0.6;0.0;0.0;6.0;11;26.3;59.0;130;18.54
MARSEILLE;43.296;5.381;07/06/2026;53;28.5;20.0;25.6;19.7;05:58;21:16;7.5;7.5;1.5;0.3;1.2;0.0;3.0;11;35.1;83.5;117;23.73
MARSEILLE;43.296;5.381;08/06/2026;53;21.0;18.2;19.9;14.9;05:58;21:16;7.4;7.45;3.3;0.3;3.0;0.0;9.0;10;28.3;60.1;270;22.08
MARSEILLE;43.296;5.381;09/06/2026;0;23.3;15.6;19.2;11.0;05:58;21:17;6.1;7.45;0.0;0.0;0.0;0.0;0.0;8;34.1;80.3;314;28.9
MARSEILLE;43.296;5.381;10/06/2026;0;26.5;15.4;26.1;12.2;05:58;21:17;7.15;7.45;0.0;0.0;0.0;0.0;0.0;6;25.5;67.7;307;29.43
MARSEILLE;43.296;5.381;11/06/2026;0;25.4;19.2;26.6;18.8;05:57;21:18;7.45;7.45;0.0;0.0;0.0;0.0;0.0;10;10.8;33.1;223;28.37
MARSEILLE;43.296;5.381;12/06/2026;2;22.7;21.4;25.5;21.9;05:57;21:18;7.45;7.5;0.0;0.0;0.0;0.0;0.0;6;14.2;16.1;179;29.85
AMIENS;49.894;2.295;28/05/2026;3;31.0;18.8;32.5;17.2;05:50;21:45;6.8;7.0;0.0;0.0;0.0;0.0;0.0;17;17.3;37.8;125;25.24
AMIENS;49.894;2.295;29/05/2026;3;31.4;22.7;32.9;24.0;05:49;21:47;6.35;7.05;0.0;0.0;0.0;0.0;0.0;4;11.9;28.8;199;15.15
AMIENS;49.894;2.295;30/05/2026;61;31.4;20.4;33.8;20.9;05:48;21:48;6.9;7.05;2.2;2.2;0.0;0.0;2.0;39;16.2;36.0;299;23.2
AMIENS;49.894;2.295;31/05/2026;55;20.5;15.2;19.6;13.2;05:47;21:49;5.55;7.0;1.7;0.6;1.1;0.0;4.0;37;19.5;41.8;284;15.02
AMIENS;49.894;2.295;01/06/2026;3;22.5;13.1;22.1;11.9;05:47;21:50;5.7;7.0;0.0;0.0;0.0;0.0;0.0;29;14.1;31.0;261;17.37
AMIENS;49.894;2.295;02/06/2026;61;19.0;14.1;18.9;12.3;05:46;21:51;4.7;6.5;11.1;2.7;8.4;0.0;15.0;86;18.8;49.0;236;18.92
AMIENS;49.894;2.295;03/06/2026;51;18.5;13.2;15.6;10.8;05:45;21:52;5.15;6.7;2.7;1.2;1.5;0.0;9.0;73;24.5;65.9;222;18.79
AMIENS;49.894;2.295;04/06/2026;51;15.4;12.7;13.2;10.3;05:45;21:53;5.9;6.6;6.9;2.7;4.2;0.0;24.0;84;24.2;55.4;227;15.85
AMIENS;49.894;2.295;05/06/2026;51;17.5;10.6;15.2;8.4;05:44;21:54;4.5;6.55;2.7;0.6;2.1;0.0;18.0;77;18.3;46.1;226;19.68
AMIENS;49.894;2.295;06/06/2026;51;18.0;11.0;17.8;10.4;05:44;21:55;5.95;6.55;3.3;0.9;2.4;0.0;15.0;52;10.2;26.3;263;22.17
AMIENS;49.894;2.295;07/06/2026;61;17.2;12.7;16.2;11.0;05:43;21:55;4.25;6.7;12.6;6.6;6.0;0.0;21.0;39;20.3;45.7;28;7.77
AMIENS;49.894;2.295;08/06/2026;63;15.4;11.8;15.6;7.2;05:43;21:56;5.7;6.65;32.1;11.7;20.4;0.0;24.0;27;34.4;75.6;260;13.03
AMIENS;49.894;2.295;09/06/2026;51;17.6;11.8;16.9;7.9;05:42;21:57;3.85;6.55;2.7;0.9;1.8;0.0;15.0;25;25.6;69.8;262;20.97
AMIENS;49.894;2.295;10/06/2026;51;18.5;12.1;17.8;11.1;05:42;21:58;6.1;6.65;2.4;1.2;1.2;0.0;18.0;35;12.2;34.2;249;16.71
AMIENS;49.894;2.295;11/06/2026;3;22.8;10.8;24.4;10.6;05:42;21:58;4.6;6.6;0.0;0.0;0.0;0.0;0.0;27;7.9;26.6;149;22.59
AMIENS;49.894;2.295;12/06/2026;53;16.9;12.4;18.1;11.2;05:41;21:59;0.85;6.4;3.9;3.9;0.0;0.0;9.0;;20.5;42.8;16;1.94
NICE;43.71;7.26;28/05/2026;3;25.2;20.5;28.7;23.0;05:54;21:02;7.55;7.55;0.0;0.0;0.0;0.0;0.0;3;10.8;19.8;102;22.59
NICE;43.71;7.26;29/05/2026;3;25.8;20.3;28.4;22.6;05:53;21:02;7.45;7.45;0.0;0.0;0.0;0.0;0.0;5;10.5;20.5;157;23.88
NICE;43.71;7.26;30/05/2026;3;27.9;22.2;30.6;22.9;05:53;21:03;7.15;7.55;0.0;0.0;0.0;0.0;0.0;0;9.6;19.4;204;24.58
NICE;43.71;7.26;31/05/2026;3;25.4;20.7;29.9;21.9;05:52;21:04;7.5;7.5;0.0;0.0;0.0;0.0;0.0;0;10.4;22.0;130;24.9
NICE;43.71;7.26;01/06/2026;45;25.4;21.5;29.0;24.6;05:52;21:05;4.8;7.3;0.0;0.0;0.0;0.0;0.0;6;11.8;25.6;146;23.66
NICE;43.71;7.26;02/06/2026;3;31.3;21.4;29.8;23.2;05:51;21:06;5.8;7.1;0.0;0.0;0.0;0.0;0.0;40;22.9;39.6;231;24.09
NICE;43.71;7.26;03/06/2026;1;26.4;20.1;28.9;20.0;05:51;21:07;7.1;7.2;0.0;0.0;0.0;0.0;0.0;40;13.5;24.5;41;27.13
NICE;43.71;7.26;04/06/2026;61;25.1;19.4;27.0;19.7;05:50;21:07;7.2;7.3;4.8;4.8;0.0;0.0;6.0;20;10.2;40.7;150;19.78
NICE;43.71;7.26;05/06/2026;53;23.5;18.5;26.7;19.8;05:50;21:08;7.25;7.25;3.9;3.3;0.6;0.0;9.0;20;15.9;34.9;99;28.25
NICE;43.71;7.26;06/06/2026;51;23.9;18.9;25.7;19.6;05:50;21:09;4.6;7.15;0.6;0.0;0.6;0.0;6.0;15;12.4;40.0;64;20.99
NICE;43.71;7.26;07/06/2026;51;29.3;20.8;28.4;21.6;05:49;21:10;7.15;7.3;0.6;0.0;0.6;0.0;6.0;6;20.1;50.0;72;18.42
NICE;43.71;7.26;08/06/2026;55;24.9;20.1;25.3;19.6;05:49;21:10;7.0;7.2;7.2;0.6;6.6;0.0;12.0;4;16.9;43.9;228;17.95
NICE;43.71;7.26;09/06/2026;2;22.5;16.5;24.5;14.9;05:49;21:11;5.9;7.2;0.0;0.0;0.0;0.0;0.0;8;11.7;34.9;344;27.9
NICE;43.71;7.26;10/06/2026;1;24.2;17.2;27.2;18.4;05:49;21:11;6.95;7.15;0.0;0.0;0.0;0.0;0.0;8;6.6;28.1;70;28.63
NICE;43.71;7.26;11/06/2026;1;27.2;19.4;28.8;19.2;05:48;21:12;6.8;7.2;0.0;0.0;0.0;0.0;0.0;18;10.6;31.7;237;26.93
NICE;43.71;7.26;12/06/2026;1;27.0;18.9;28.8;20.0;05:48;21:12;7.35;7.35;0.0;0.0;0.0;0.0;0.0;;14.8;18.6;122;29.61
AJACCIO;41.92;8.73;28/05/2026;0;26.7;16.8;28.9;16.8;05:54;20:50;7.95;7.95;0.0;0.0;0.0;0.0;0.0;0;9.2;21.6;191;28.13
AJACCIO;41.92;8.73;29/05/2026;3;28.2;17.2;30.2;17.2;05:53;20:51;7.85;7.85;0.0;0.0;0.0;0.0;0.0;8;10.4;23.4;289;27.33
AJACCIO;41.92;8.73;30/05/2026;3;28.1;19.7;31.0;20.8;05:53;20:52;7.85;7.85;0.0;0.0;0.0;0.0;0.0;0;11.4;24.8;291;27.15
AJACCIO;41.92;8.73;31/05/2026;3;26.2;18.7;29.4;20.7;05:52;20:52;7.75;7.9;0.0;0.0;0.0;0.0;0.0;0;11.0;27.4;212;27.94
AJACCIO;41.92;8.73;01/06/2026;3;24.7;19.1;27.5;19.9;05:52;20:53;7.9;7.9;0.0;0.0;0.0;0.0;0.0;3;14.0;31.0;187;25.99
AJACCIO;41.92;8.73;02/06/2026;3;25.1;18.8;27.6;19.1;05:51;20:54;6.3;7.6;0.0;0.0;0.0;0.0;0.0;10;11.8;24.5;192;21.65
AJACCIO;41.92;8.73;03/06/2026;3;23.0;20.1;24.5;21.3;05:51;20:55;7.55;7.6;0.0;0.0;0.0;0.0;0.0;15;17.3;37.1;291;24.2
AJACCIO;41.92;8.73;04/06/2026;3;24.9;19.0;26.9;18.9;05:50;20:55;7.65;7.65;0.0;0.0;0.0;0.0;0.0;12;15.2;25.9;334;22.4
AJACCIO;41.92;8.73;05/06/2026;61;24.1;17.5;27.3;18.8;05:50;20:56;6.6;7.65;1.05;0.3;0.75;0.0;9.0;24;8.7;30.2;236;24.47
AJACCIO;41.92;8.73;06/06/2026;2;29.9;18.8;33.3;21.2;05:50;20:57;5.15;7.55;0.0;0.0;0.0;0.0;0.0;9;9.4;23.8;285;28.07
AJACCIO;41.92;8.73;07/06/2026;3;37.5;22.0;37.7;20.8;05:49;20:57;7.35;7.6;0.0;0.0;0.0;0.0;0.0;7;11.5;35.6;101;16.24
AJACCIO;41.92;8.73;08/06/2026;51;24.0;17.3;24.2;18.0;05:49;20:58;7.55;7.6;3.0;0.6;2.4;0.0;12.0;6;15.9;41.4;308;21.27
AJACCIO;41.92;8.73;09/06/2026;51;21.6;14.9;21.9;15.2;05:49;20:59;6.6;7.6;0.6;0.0;0.6;0.0;6.0;2;13.3;37.8;261;26.06
AJACCIO;41.92;8.73;10/06/2026;3;21.5;14.3;23.0;14.0;05:49;20:59;7.55;7.6;0.0;0.0;0.0;0.0;0.0;2;13.2;36.7;171;28.58
AJACCIO;41.92;8.73;11/06/2026;1;23.4;14.9;26.4;15.6;05:49;21:00;7.7;7.7;0.0;0.0;0.0;0.0;0.0;8;6.4;21.6;341;27.96
AJACCIO;41.92;8.73;12/06/2026;2;26.4;19.0;27.5;18.9;05:49;21:00;7.65;7.75;0.0;0.0;0.0;0.0;0.0;7;13.3;12.3;325;30.07
BASTIA;42.69;9.45;28/05/2026;3;26.6;18.9;30.0;18.7;05:49;20:49;7.65;7.75;0.0;0.0;0.0;0.0;0.0;10;10.5;23.4;58;27.16
BASTIA;42.69;9.45;29/05/2026;80;26.5;20.3;28.7;21.5;05:48;20:50;6.7;7.6;0.7;0.0;1.6;0.0;5.0;38;8.6;22.3;99;25.37
BASTIA;42.69;9.45;30/05/2026;3;29.1;20.6;33.0;22.5;05:48;20:51;7.7;7.7;0.0;0.0;0.0;0.0;0.0;0;10.0;26.3;248;27.84
BASTIA;42.69;9.45;31/05/2026;3;27.3;19.9;32.2;21.5;05:47;20:52;7.0;7.65;0.0;0.0;0.0;0.0;0.0;0;10.7;26.6;112;27.06
BASTIA;42.69;9.45;01/06/2026;3;26.0;20.3;29.7;22.6;05:47;20:53;7.65;7.65;0.0;0.0;0.0;0.0;0.0;0;11.7;27.7;69;25.32
BASTIA;42.69;9.45;02/06/2026;3;28.6;19.9;32.3;22.7;05:46;20:53;4.85;7.3;0.0;0.0;0.0;0.0;0.0;9;17.1;40.7;280;22.61
BASTIA;42.69;9.45;03/06/2026;3;26.0;21.9;24.3;20.6;05:46;20:54;7.2;7.35;0.0;0.0;0.0;0.0;0.0;11;31.4;57.2;251;29.49
BASTIA;42.69;9.45;04/06/2026;61;27.7;20.3;32.1;19.2;05:45;20:55;7.15;7.4;2.1;2.1;0.0;0.0;6.0;5;11.9;52.6;163;26.46
BASTIA;42.69;9.45;05/06/2026;51;25.9;20.5;28.3;22.1;05:45;20:56;6.6;7.4;2.25;1.5;0.75;0.0;15.0;30;6.0;22.7;104;19.5
BASTIA;42.69;9.45;06/06/2026;3;25.8;20.0;29.8;23.3;05:45;20:56;4.5;7.35;0.0;0.0;0.0;0.0;0.0;24;13.0;40.7;123;24.93
BASTIA;42.69;9.45;07/06/2026;3;26.5;21.3;29.2;23.7;05:44;20:57;6.7;7.3;0.0;0.0;0.0;0.0;0.0;7;15.0;47.9;124;20.53
BASTIA;42.69;9.45;08/06/2026;53;26.9;19.2;26.0;18.1;05:44;20:58;7.35;7.4;4.8;0.6;4.2;0.0;18.0;6;17.5;58.0;302;21.57
BASTIA;42.69;9.45;09/06/2026;1;25.4;17.7;29.2;16.6;05:44;20:58;6.5;7.35;0.0;0.0;0.0;0.0;0.0;15;10.4;47.9;347;27.79
BASTIA;42.69;9.45;10/06/2026;1;26.4;17.5;29.4;17.6;05:44;20:59;7.2;7.35;0.0;0.0;0.0;0.0;0.0;10;8.3;29.5;32;28.79
BASTIA;42.69;9.45;11/06/2026;1;30.8;16.8;31.5;17.8;05:44;20:59;7.35;7.45;0.0;0.0;0.0;0.0;0.0;24;11.0;36.7;331;28.52
BASTIA;42.69;9.45;12/06/2026;2;24.8;20.4;26.4;22.2;05:43;21:00;7.35;7.5;0.0;0.0;0.0;0.0;0.0;10;23.8;35.3;150;29.11
ALENÇON;48.43;0.09;28/05/2026;3;31.7;18.5;32.7;20.1;06:05;21:48;6.65;7.15;0.0;0.0;0.0;0.0;0.0;10;9.2;18.4;136;24.04
ALENÇON;48.43;0.09;29/05/2026;3;32.3;20.9;33.8;22.1;06:04;21:49;6.1;7.25;0.0;0.0;0.0;0.0;0.0;0;11.6;24.8;141;25.42
ALENÇON;48.43;0.09;30/05/2026;3;31.4;17.1;32.9;17.3;06:03;21:50;6.85;7.2;0.1;0.0;0.0;0.0;1.0;8;19.0;46.8;350;23.37
ALENÇON;48.43;0.09;31/05/2026;3;20.3;13.0;18.3;12.1;06:03;21:51;6.25;7.2;0.0;0.0;0.0;0.0;0.0;8;19.9;35.6;298;18.05
ALENÇON;48.43;0.09;01/06/2026;3;21.0;12.4;17.9;11.9;06:02;21:52;6.45;7.25;0.0;0.0;0.0;0.0;0.0;28;25.2;45.0;235;21.56
ALENÇON;48.43;0.09;02/06/2026;80;20.3;14.3;16.0;12.7;06:01;21:53;6.1;6.65;2.4;0.0;2.55;0.0;9.0;65;31.6;57.6;257;20.1
ALENÇON;48.43;0.09;03/06/2026;3;19.4;12.0;17.7;9.4;06:01;21:54;1.2;6.55;0.6;0.3;0.3;0.0;6.0;51;24.9;51.1;258;16.06
ALENÇON;48.43;0.09;04/06/2026;95;18.3;13.2;16.1;9.3;06:00;21:55;5.85;6.7;9.6;0.0;9.6;0.0;18.0;59;36.2;61.9;239;17.05
ALENÇON;48.43;0.09;05/06/2026;51;17.2;10.7;15.4;8.4;06:00;21:56;5.55;6.7;2.1;0.6;1.5;0.0;15.0;55;16.7;38.2;238;19.26
ALENÇON;48.43;0.09;06/06/2026;51;17.6;9.6;17.6;9.4;05:59;21:57;6.65;6.8;1.5;0.6;0.9;0.0;9.0;38;13.5;30.6;89;23.63
ALENÇON;48.43;0.09;07/06/2026;61;17.1;11.4;15.7;8.1;05:59;21:57;3.0;6.7;14.4;5.7;8.7;0.0;21.0;24;24.6;47.5;22;8.89
ALENÇON;48.43;0.09;08/06/2026;63;14.8;12.0;13.0;9.3;05:58;21:58;5.35;6.75;36.0;21.3;14.7;0.0;21.0;29;21.5;46.4;325;9.29
ALENÇON;48.43;0.09;09/06/2026;51;17.0;10.6;15.9;8.2;05:58;21:59;3.1;6.7;1.5;0.9;0.6;0.0;9.0;27;15.7;36.4;256;20.35
ALENÇON;48.43;0.09;10/06/2026;51;19.0;13.2;18.2;12.5;05:58;21:59;4.4;6.8;0.3;0.3;0.0;0.0;3.0;28;13.9;29.9;230;18.3
ALENÇON;48.43;0.09;11/06/2026;3;21.9;11.7;22.7;10.9;05:57;22:00;2.9;6.75;0.0;0.0;0.0;0.0;0.0;29;8.6;21.6;136;23.59
ALENÇON;48.43;0.09;12/06/2026;51;16.2;12.6;17.0;10.7;05:57;22:01;2.45;6.7;0.75;0.75;0.0;0.0;9.0;;20.3;38.9;24;5.12
BOURG-ST-MAURICE;45.62;6.77;28/05/2026;3;29.1;15.8;30.4;14.3;05:49;21:10;7.95;7.95;0.0;0.0;0.0;0.0;0.0;55;11.7;20.9;320;28.44
BOURG-ST-MAURICE;45.62;6.77;29/05/2026;80;29.2;16.9;29.6;16.1;05:48;21:11;7.8;7.8;0.1;0.1;0.0;0.0;1.0;98;11.8;22.7;308;26.82
BOURG-ST-MAURICE;45.62;6.77;30/05/2026;3;25.5;15.9;26.7;15.0;05:48;21:12;6.8;7.85;0.3;0.0;0.6;0.0;3.0;86;6.5;20.2;303;23.1
BOURG-ST-MAURICE;45.62;6.77;31/05/2026;61;23.4;15.0;24.3;14.3;05:47;21:13;7.6;7.85;0.5;0.0;0.3;0.0;5.0;65;10.2;25.6;234;21.74
BOURG-ST-MAURICE;45.62;6.77;01/06/2026;80;21.1;13.5;20.4;13.4;05:47;21:14;7.55;7.95;0.0;0.0;0.3;0.0;0.0;27;8.0;19.4;228;25.14
BOURG-ST-MAURICE;45.62;6.77;02/06/2026;95;21.0;12.3;21.1;11.8;05:46;21:15;5.65;7.4;14.1;8.7;5.7;0.0;9.0;80;15.1;59.0;276;16.34
BOURG-ST-MAURICE;45.62;6.77;03/06/2026;61;17.3;11.7;15.8;10.6;05:46;21:16;5.3;7.4;0.9;0.6;0.0;0.0;9.0;90;12.3;33.5;268;18.72
BOURG-ST-MAURICE;45.62;6.77;04/06/2026;63;20.0;12.6;24.1;10.5;05:45;21:16;5.85;7.5;27.3;26.7;0.3;0.0;9.0;59;10.0;36.7;302;17.87
BOURG-ST-MAURICE;45.62;6.77;05/06/2026;51;19.5;10.2;20.1;9.5;05:45;21:17;5.05;7.3;6.6;4.95;1.65;0.0;15.0;73;6.8;41.8;321;22.41
BOURG-ST-MAURICE;45.62;6.77;06/06/2026;51;23.8;10.2;24.3;9.7;05:44;21:18;4.7;7.25;0.9;0.6;0.3;0.0;9.0;59;7.3;49.3;118;23.1
BOURG-ST-MAURICE;45.62;6.77;07/06/2026;53;24.4;16.8;25.1;17.0;05:44;21:19;3.7;7.45;5.7;4.8;0.9;0.0;24.0;49;10.8;71.6;105;20.24
BOURG-ST-MAURICE;45.62;6.77;08/06/2026;61;19.2;12.3;20.4;12.2;05:44;21:19;7.15;7.5;24.6;7.2;17.4;0.0;24.0;28;6.1;64.4;302;15.76
BOURG-ST-MAURICE;45.62;6.77;09/06/2026;53;15.9;10.3;15.0;9.9;05:43;21:20;7.05;7.6;3.6;1.2;2.4;0.0;21.0;38;5.9;29.5;308;14.68
BOURG-ST-MAURICE;45.62;6.77;10/06/2026;3;20.3;10.9;22.3;10.7;05:43;21:21;7.2;7.5;0.0;0.0;0.0;0.0;0.0;45;6.6;29.5;287;29.92
BOURG-ST-MAURICE;45.62;6.77;11/06/2026;51;23.1;9.7;24.8;9.3;05:43;21:21;7.0;7.55;1.8;1.2;0.6;0.0;6.0;49;6.9;30.2;16;28.23
BOURG-ST-MAURICE;45.62;6.77;12/06/2026;51;24.1;13.4;26.4;13.8;05:43;21:22;7.6;7.6;2.4;0.3;2.1;0.0;12.0;;10.4;16.0;247;23.18
CHALON/SAÔNE;46.78;4.85;28/05/2026;0;31.6;17.9;30.7;17.4;05:52;21:22;7.45;7.45;0.0;0.0;0.0;0.0;0.0;0;19.4;40.0;26;28.53
CHALON/SAÔNE;46.78;4.85;29/05/2026;3;32.7;17.8;30.5;16.4;05:52;21:23;7.4;7.4;0.0;0.0;0.0;0.0;0.0;0;18.7;38.2;23;28.85
CHALON/SAÔNE;46.78;4.85;30/05/2026;3;31.4;18.3;31.6;19.2;05:51;21:24;7.4;7.45;0.0;0.0;0.0;0.0;0.0;0;7.2;13.6;150;26.24
CHALON/SAÔNE;46.78;4.85;31/05/2026;95;26.0;16.4;26.3;16.4;05:50;21:25;6.6;7.4;0.7;0.0;1.9;0.0;2.0;25;22.0;40.3;278;20.12
CHALON/SAÔNE;46.78;4.85;01/06/2026;3;25.6;13.8;25.1;13.7;05:50;21:26;7.0;7.5;0.0;0.0;0.0;0.0;0.0;3;11.2;20.5;276;21.81
CHALON/SAÔNE;46.78;4.85;02/06/2026;80;22.0;15.7;19.6;15.2;05:49;21:27;2.75;6.95;6.45;5.7;0.9;0.0;6.0;62;25.8;52.2;251;16.17
CHALON/SAÔNE;46.78;4.85;03/06/2026;3;23.2;14.4;19.7;12.3;05:49;21:28;5.0;7.1;0.0;0.0;0.0;0.0;0.0;62;22.9;38.9;243;22.02
CHALON/SAÔNE;46.78;4.85;04/06/2026;95;20.4;15.7;19.4;13.9;05:48;21:29;3.45;7.05;10.5;3.6;6.9;0.0;15.0;35;20.5;49.3;203;10.93
CHALON/SAÔNE;46.78;4.85;05/06/2026;2;21.5;12.4;19.4;10.5;05:48;21:30;4.5;6.95;0.3;0.15;0.15;0.0;3.0;33;12.8;34.6;246;22.92
CHALON/SAÔNE;46.78;4.85;06/06/2026;51;19.9;13.3;19.3;12.6;05:47;21:30;2.1;6.95;3.3;1.2;2.1;0.0;15.0;30;11.4;34.6;47;16.93
CHALON/SAÔNE;46.78;4.85;07/06/2026;80;25.1;15.0;27.4;15.4;05:47;21:31;7.1;7.15;33.9;3.0;30.9;0.0;24.0;22;11.3;46.8;55;20.91
CHALON/SAÔNE;46.78;4.85;08/06/2026;53;20.3;13.9;19.0;11.7;05:47;21:32;6.85;7.15;5.4;4.2;1.2;0.0;15.0;20;23.6;54.4;248;25.04
CHALON/SAÔNE;46.78;4.85;09/06/2026;51;19.4;12.3;19.2;10.6;05:46;21:32;6.9;7.1;0.6;0.0;0.6;0.0;6.0;20;13.8;46.8;278;22.94
CHALON/SAÔNE;46.78;4.85;10/06/2026;0;21.5;11.5;23.1;9.9;05:46;21:33;6.65;7.1;0.0;0.0;0.0;0.0;0.0;25;9.2;26.3;1;29.19
CHALON/SAÔNE;46.78;4.85;11/06/2026;1;25.0;13.7;26.9;13.1;05:46;21:34;6.6;7.15;0.0;0.0;0.0;0.0;0.0;18;9.3;29.2;22;29.23
CHALON/SAÔNE;46.78;4.85;12/06/2026;51;26.3;15.1;28.6;16.0;05:46;21:34;6.55;7.15;3.0;0.0;3.0;0.0;15.0;;9.1;13.6;32;21.46
AGEN;44.2;0.61;28/05/2026;3;35.9;18.2;37.5;20.3;06:19;21:30;7.45;7.45;0.0;0.0;0.0;0.0;0.0;0;16.1;27.4;31;28.89
AGEN;44.2;0.61;29/05/2026;3;35.3;18.9;36.9;19.7;06:18;21:31;7.45;7.45;0.0;0.0;0.0;0.0;0.0;0;9.4;20.5;338;29.43
AGEN;44.2;0.61;30/05/2026;3;31.1;18.9;34.7;20.4;06:18;21:32;7.3;7.5;0.0;0.0;0.0;0.0;0.0;0;16.6;32.0;281;22.54
AGEN;44.2;0.61;31/05/2026;3;26.5;18.3;26.5;19.2;06:17;21:33;6.35;7.4;0.0;0.0;0.0;0.0;0.0;0;17.3;38.5;287;17.81
AGEN;44.2;0.61;01/06/2026;45;26.2;14.1;25.8;14.6;06:16;21:33;7.5;7.5;0.0;0.0;0.0;0.0;0.0;1;14.3;27.7;300;22.82
AGEN;44.2;0.61;02/06/2026;80;23.9;16.2;20.7;14.8;06:16;21:34;3.9;6.8;1.8;0.3;1.8;0.0;3.0;30;27.7;51.8;265;15.52
AGEN;44.2;0.61;03/06/2026;3;20.5;14.2;19.6;13.4;06:15;21:35;6.25;7.1;0.0;0.0;0.0;0.0;0.0;20;20.9;37.8;252;11.63
AGEN;44.2;0.61;04/06/2026;80;22.2;16.0;19.2;14.4;06:15;21:36;2.7;6.95;2.1;0.3;1.8;0.0;9.0;28;15.6;46.1;260;8.37
AGEN;44.2;0.61;05/06/2026;51;20.5;12.4;20.7;11.8;06:15;21:37;4.0;6.9;1.2;0.9;0.3;0.0;9.0;40;12.7;29.2;256;23.18
AGEN;44.2;0.61;06/06/2026;53;22.2;13.9;23.4;14.0;06:14;21:37;6.55;6.95;9.9;3.0;6.9;0.0;18.0;22;12.9;32.0;27;21.82
AGEN;44.2;0.61;07/06/2026;51;21.3;17.2;20.0;15.7;06:14;21:38;7.15;7.15;1.5;0.3;1.2;0.0;9.0;16;17.7;41.4;253;18.35
AGEN;44.2;0.61;08/06/2026;51;17.2;13.2;14.0;10.0;06:14;21:39;5.3;6.95;5.1;3.3;1.8;0.0;21.0;10;27.3;73.8;266;16.74
AGEN;44.2;0.61;09/06/2026;51;20.4;11.1;20.1;9.8;06:13;21:39;4.8;6.95;0.3;0.3;0.0;0.0;3.0;15;11.3;38.2;296;25.07
AGEN;44.2;0.61;10/06/2026;2;23.2;11.9;24.9;11.8;06:13;21:40;6.6;7.1;0.0;0.0;0.0;0.0;0.0;20;8.0;25.6;15;27.84
AGEN;44.2;0.61;11/06/2026;3;26.4;14.1;29.1;14.5;06:13;21:40;4.95;7.15;0.0;0.0;0.0;0.0;0.0;16;7.4;18.0;42;29.04
AGEN;44.2;0.61;12/06/2026;51;20.5;16.6;21.1;17.7;06:13;21:41;2.55;6.9;1.8;1.2;0.6;0.0;12.0;;13.1;16.9;294;7.25
