Ville;Latitude;Longitude;Date;Heure;temperature_2m;weathercode;Temps_Label;windspeed_10m;wind_gusts_10m;precipitation
AMIENS;49.894;2.295;21/07/2026;00:00;17.6;0;SOLEIL;5;31.7;0
AMIENS;49.894;2.295;21/07/2026;01:00;16.4;0;SOLEIL;4;31.0;0
AMIENS;49.894;2.295;21/07/2026;02:00;16.1;0;SOLEIL;4;27.4;0
AMIENS;49.894;2.295;21/07/2026;03:00;15.6;0;SOLEIL;3;24.1;0
AMIENS;49.894;2.295;21/07/2026;04:00;15;0;SOLEIL;3;21.2;0
AMIENS;49.894;2.295;21/07/2026;05:00;14.4;0;SOLEIL;3;19.8;0
AMIENS;49.894;2.295;21/07/2026;06:00;15.1;0;SOLEIL;3;19.4;0
AMIENS;49.894;2.295;21/07/2026;07:00;16.9;0;SOLEIL;3;18.7;0
AMIENS;49.894;2.295;21/07/2026;08:00;19.1;0;SOLEIL;3;20.9;0
AMIENS;49.894;2.295;21/07/2026;09:00;20;0;SOLEIL;4;22.3;0
AMIENS;49.894;2.295;21/07/2026;10:00;20.9;0;SOLEIL;4;23.8;0
AMIENS;49.894;2.295;21/07/2026;11:00;22.1;0;SOLEIL;4;25.6;0
AMIENS;49.894;2.295;21/07/2026;12:00;23.4;0;SOLEIL;4;26.6;0
AMIENS;49.894;2.295;21/07/2026;13:00;24.7;0;SOLEIL;4;27.0;0
AMIENS;49.894;2.295;21/07/2026;14:00;25.6;0;SOLEIL;4;26.6;0
AMIENS;49.894;2.295;21/07/2026;15:00;25.5;0;SOLEIL;4;27.4;0
AMIENS;49.894;2.295;21/07/2026;16:00;26.1;0;SOLEIL;5;28.4;0
AMIENS;49.894;2.295;21/07/2026;17:00;25.4;0;SOLEIL;5;28.4;0
AMIENS;49.894;2.295;21/07/2026;18:00;25.2;0;SOLEIL;5;29.2;0
AMIENS;49.894;2.295;21/07/2026;19:00;24.4;0;SOLEIL;4;29.2;0
AMIENS;49.894;2.295;21/07/2026;20:00;23.4;0;SOLEIL;4;31.7;0
AMIENS;49.894;2.295;21/07/2026;21:00;22.2;0;SOLEIL;4;29.2;0
AMIENS;49.894;2.295;21/07/2026;22:00;20.6;0;SOLEIL;5;24.8;0
AMIENS;49.894;2.295;21/07/2026;23:00;19.5;0;SOLEIL;4;30.2;0
BREST;48.39;-4.48;21/07/2026;00:00;13.6;0;SOLEIL;2;28.1;0
BREST;48.39;-4.48;21/07/2026;01:00;13.9;0;SOLEIL;2;25.2;0
BREST;48.39;-4.48;21/07/2026;02:00;13.6;0;SOLEIL;2;19.4;0
BREST;48.39;-4.48;21/07/2026;03:00;13;0;SOLEIL;2;15.1;0
BREST;48.39;-4.48;21/07/2026;04:00;12.4;0;SOLEIL;2;15.1;0
BREST;48.39;-4.48;21/07/2026;05:00;12.7;0;SOLEIL;2;15.5;0
BREST;48.39;-4.48;21/07/2026;06:00;14;0;SOLEIL;2;15.1;0
BREST;48.39;-4.48;21/07/2026;07:00;15.6;0;SOLEIL;3;14.0;0
BREST;48.39;-4.48;21/07/2026;08:00;16.9;0;SOLEIL;3;17.6;0
BREST;48.39;-4.48;21/07/2026;09:00;19.1;0;SOLEIL;4;22.3;0
BREST;48.39;-4.48;21/07/2026;10:00;20.6;0;SOLEIL;4;28.1;0
BREST;48.39;-4.48;21/07/2026;11:00;21.6;0;SOLEIL;4;28.1;0
BREST;48.39;-4.48;21/07/2026;12:00;23.1;0;SOLEIL;4;26.3;0
BREST;48.39;-4.48;21/07/2026;13:00;23.9;0;SOLEIL;4;25.6;0
BREST;48.39;-4.48;21/07/2026;14:00;24.2;0;SOLEIL;4;27.0;0
BREST;48.39;-4.48;21/07/2026;15:00;24.6;0;SOLEIL;4;28.1;0
BREST;48.39;-4.48;21/07/2026;16:00;24.2;0;SOLEIL;5;33.1;0
BREST;48.39;-4.48;21/07/2026;17:00;23.1;0;SOLEIL;5;37.8;0
BREST;48.39;-4.48;21/07/2026;18:00;22.7;0;SOLEIL;5;38.2;0
BREST;48.39;-4.48;21/07/2026;19:00;21.1;0;SOLEIL;5;39.2;0
BREST;48.39;-4.48;21/07/2026;20:00;18.7;0;SOLEIL;4;36.4;0
BREST;48.39;-4.48;21/07/2026;21:00;17.1;0;SOLEIL;3;36.0;0
BREST;48.39;-4.48;21/07/2026;22:00;15.7;0;SOLEIL;2;31.3;0
BREST;48.39;-4.48;21/07/2026;23:00;15.2;0;SOLEIL;2;30.6;0
RENNES;48.11;-1.67;21/07/2026;00:00;15;0;SOLEIL;4;24.1;0
RENNES;48.11;-1.67;21/07/2026;01:00;14.5;0;SOLEIL;4;29.9;0
RENNES;48.11;-1.67;21/07/2026;02:00;14.6;0;SOLEIL;4;28.9;0
RENNES;48.11;-1.67;21/07/2026;03:00;14.5;0;SOLEIL;4;30.6;0
RENNES;48.11;-1.67;21/07/2026;04:00;14.7;0;SOLEIL;4;31.3;0
RENNES;48.11;-1.67;21/07/2026;05:00;14.6;0;SOLEIL;3;32.4;0
RENNES;48.11;-1.67;21/07/2026;06:00;15.9;0;SOLEIL;3;32.4;0
RENNES;48.11;-1.67;21/07/2026;07:00;17.4;0;SOLEIL;4;30.6;0
RENNES;48.11;-1.67;21/07/2026;08:00;20.1;0;SOLEIL;4;29.5;0
RENNES;48.11;-1.67;21/07/2026;09:00;22;0;SOLEIL;5;29.5;0
RENNES;48.11;-1.67;21/07/2026;10:00;24.1;0;SOLEIL;5;27.7;0
RENNES;48.11;-1.67;21/07/2026;11:00;24.6;0;SOLEIL;6;33.1;0
RENNES;48.11;-1.67;21/07/2026;12:00;24.9;0;SOLEIL;6;36.7;0
RENNES;48.11;-1.67;21/07/2026;13:00;25.6;0;SOLEIL;6;37.8;0
RENNES;48.11;-1.67;21/07/2026;14:00;25.6;0;SOLEIL;6;40.7;0
RENNES;48.11;-1.67;21/07/2026;15:00;25.4;0;SOLEIL;6;43.2;0
RENNES;48.11;-1.67;21/07/2026;16:00;24.6;0;SOLEIL;6;44.3;0
RENNES;48.11;-1.67;21/07/2026;17:00;23.4;0;SOLEIL;6;45.4;0
RENNES;48.11;-1.67;21/07/2026;18:00;22.2;0;SOLEIL;5;45.4;0
RENNES;48.11;-1.67;21/07/2026;19:00;21.2;0;SOLEIL;5;45.0;0
RENNES;48.11;-1.67;21/07/2026;20:00;19.6;0;SOLEIL;4;44.6;0
RENNES;48.11;-1.67;21/07/2026;21:00;17.9;0;SOLEIL;4;43.2;0
RENNES;48.11;-1.67;21/07/2026;22:00;17;0;SOLEIL;3;40.3;0
RENNES;48.11;-1.67;21/07/2026;23:00;16.1;0;SOLEIL;3;31.7;0
CHERBOURG;49.63;-1.62;21/07/2026;00:00;16.6;0;SOLEIL;4;24.1;0
CHERBOURG;49.63;-1.62;21/07/2026;01:00;16;0;SOLEIL;4;22.7;0
CHERBOURG;49.63;-1.62;21/07/2026;02:00;15.1;0;SOLEIL;3;19.5;0
CHERBOURG;49.63;-1.62;21/07/2026;03:00;14.7;0;SOLEIL;3;18.4;0
CHERBOURG;49.63;-1.62;21/07/2026;04:00;13.9;0;SOLEIL;3;17.6;0
CHERBOURG;49.63;-1.62;21/07/2026;05:00;13.4;0;SOLEIL;3;20.2;0
CHERBOURG;49.63;-1.62;21/07/2026;06:00;14.9;0;SOLEIL;4;25.9;0
CHERBOURG;49.63;-1.62;21/07/2026;07:00;17.1;0;SOLEIL;4;28.4;0
CHERBOURG;49.63;-1.62;21/07/2026;08:00;19.7;0;SOLEIL;5;27.4;0
CHERBOURG;49.63;-1.62;21/07/2026;09:00;21;0;SOLEIL;5;27.4;0
CHERBOURG;49.63;-1.62;21/07/2026;10:00;21.6;0;SOLEIL;5;31.7;0
CHERBOURG;49.63;-1.62;21/07/2026;11:00;22.9;0;SOLEIL;5;36.0;0
CHERBOURG;49.63;-1.62;21/07/2026;12:00;24.5;0;SOLEIL;5;39.6;0
CHERBOURG;49.63;-1.62;21/07/2026;13:00;25.6;0;SOLEIL;5;40.7;0
CHERBOURG;49.63;-1.62;21/07/2026;14:00;26.5;0;SOLEIL;6;41.0;0
CHERBOURG;49.63;-1.62;21/07/2026;15:00;26.7;0;SOLEIL;6;41.0;0
CHERBOURG;49.63;-1.62;21/07/2026;16:00;26.9;0;SOLEIL;6;40.7;0
CHERBOURG;49.63;-1.62;21/07/2026;17:00;26.2;0;SOLEIL;6;40.7;0
CHERBOURG;49.63;-1.62;21/07/2026;18:00;25.1;0;SOLEIL;6;39.6;0
CHERBOURG;49.63;-1.62;21/07/2026;19:00;23.4;0;SOLEIL;5;40.3;0
CHERBOURG;49.63;-1.62;21/07/2026;20:00;20.6;0;SOLEIL;5;41.4;0
CHERBOURG;49.63;-1.62;21/07/2026;21:00;19.4;0;SOLEIL;4;41.4;0
CHERBOURG;49.63;-1.62;21/07/2026;22:00;18.1;0;SOLEIL;4;36.4;0
CHERBOURG;49.63;-1.62;21/07/2026;23:00;17;0;SOLEIL;3;29.9;0
ROUEN;49.44;1.1;21/07/2026;00:00;16;0;SOLEIL;3;10.4;0
ROUEN;49.44;1.1;21/07/2026;01:00;15.6;0;SOLEIL;3;10.1;0
ROUEN;49.44;1.1;21/07/2026;02:00;15.6;0;SOLEIL;3;10.8;0
ROUEN;49.44;1.1;21/07/2026;03:00;15.7;0;SOLEIL;3;10.8;0
ROUEN;49.44;1.1;21/07/2026;04:00;15.4;0;SOLEIL;3;10.8;0
ROUEN;49.44;1.1;21/07/2026;05:00;15.2;0;SOLEIL;4;10.1;0
ROUEN;49.44;1.1;21/07/2026;06:00;16.6;0;SOLEIL;4;8.6;0
ROUEN;49.44;1.1;21/07/2026;07:00;18;0;SOLEIL;4;8.3;0
ROUEN;49.44;1.1;21/07/2026;08:00;19.1;0;SOLEIL;5;9.4;0
ROUEN;49.44;1.1;21/07/2026;09:00;19.7;0;SOLEIL;5;20.9;0
ROUEN;49.44;1.1;21/07/2026;10:00;19.5;0;SOLEIL;5;27.0;0
ROUEN;49.44;1.1;21/07/2026;11:00;22.1;0;SOLEIL;5;30.2;0
ROUEN;49.44;1.1;21/07/2026;12:00;22.6;0;SOLEIL;5;31.7;0
ROUEN;49.44;1.1;21/07/2026;13:00;23;0;SOLEIL;5;31.7;0
ROUEN;49.44;1.1;21/07/2026;14:00;22.9;0;SOLEIL;4;31.3;0
ROUEN;49.44;1.1;21/07/2026;15:00;23.6;0;SOLEIL;4;32.4;0
ROUEN;49.44;1.1;21/07/2026;16:00;23.6;0;SOLEIL;3;32.4;0
ROUEN;49.44;1.1;21/07/2026;17:00;23.6;0;SOLEIL;3;28.4;0
ROUEN;49.44;1.1;21/07/2026;18:00;22.9;0;SOLEIL;3;25.6;0
ROUEN;49.44;1.1;21/07/2026;19:00;21.6;0;SOLEIL;3;21.2;0
ROUEN;49.44;1.1;21/07/2026;20:00;19.1;0;SOLEIL;2;18.4;0
ROUEN;49.44;1.1;21/07/2026;21:00;17.6;0;SOLEIL;2;17.3;0
ROUEN;49.44;1.1;21/07/2026;22:00;16.9;0;SOLEIL;2;13.0;0
ROUEN;49.44;1.1;21/07/2026;23:00;16.6;0;SOLEIL;2;7.9;0
PARIS;48.85;2.35;21/07/2026;00:00;14.4;0;SOLEIL;4;24.5;0
PARIS;48.85;2.35;21/07/2026;01:00;13.7;0;SOLEIL;4;21.6;0
PARIS;48.85;2.35;21/07/2026;02:00;13.1;0;SOLEIL;4;15.1;0
PARIS;48.85;2.35;21/07/2026;03:00;12.1;0;SOLEIL;4;13.3;0
PARIS;48.85;2.35;21/07/2026;04:00;12.2;0;SOLEIL;3;13.3;0
PARIS;48.85;2.35;21/07/2026;05:00;12.6;0;SOLEIL;3;14.0;0
PARIS;48.85;2.35;21/07/2026;06:00;14.1;0;SOLEIL;3;15.8;0
PARIS;48.85;2.35;21/07/2026;07:00;16.1;0;SOLEIL;4;15.8;0
PARIS;48.85;2.35;21/07/2026;08:00;17.6;0;SOLEIL;4;14.8;0
PARIS;48.85;2.35;21/07/2026;09:00;19.9;0;SOLEIL;4;17.3;0
PARIS;48.85;2.35;21/07/2026;10:00;21.6;0;SOLEIL;4;24.5;0
PARIS;48.85;2.35;21/07/2026;11:00;22.6;0;SOLEIL;4;29.2;0
PARIS;48.85;2.35;21/07/2026;12:00;24.1;0;SOLEIL;4;29.5;0
PARIS;48.85;2.35;21/07/2026;13:00;24.5;0;SOLEIL;4;30.6;0
PARIS;48.85;2.35;21/07/2026;14:00;24.6;0;SOLEIL;4;30.2;0
PARIS;48.85;2.35;21/07/2026;15:00;24.7;0;SOLEIL;5;29.5;0
PARIS;48.85;2.35;21/07/2026;16:00;24.5;0;SOLEIL;5;28.8;0
PARIS;48.85;2.35;21/07/2026;17:00;24.1;0;SOLEIL;5;34.9;0
PARIS;48.85;2.35;21/07/2026;18:00;22.9;0;SOLEIL;5;39.6;0
PARIS;48.85;2.35;21/07/2026;19:00;21.6;0;SOLEIL;5;41.8;0
PARIS;48.85;2.35;21/07/2026;20:00;19.1;0;SOLEIL;4;40.3;0
PARIS;48.85;2.35;21/07/2026;21:00;18.1;0;SOLEIL;4;39.2;0
PARIS;48.85;2.35;21/07/2026;22:00;16.5;0;SOLEIL;4;31.3;0
PARIS;48.85;2.35;21/07/2026;23:00;16;0;SOLEIL;3;27.0;0
LILLE;50.62;3.05;21/07/2026;00:00;14.1;0;SOLEIL;2;27.0;0
LILLE;50.62;3.05;21/07/2026;01:00;13.2;0;SOLEIL;2;19.4;0
LILLE;50.62;3.05;21/07/2026;02:00;12.7;0;SOLEIL;2;18.4;0
LILLE;50.62;3.05;21/07/2026;03:00;12.7;0;SOLEIL;2;14.4;0
LILLE;50.62;3.05;21/07/2026;04:00;12.2;0;SOLEIL;2;10.4;0
LILLE;50.62;3.05;21/07/2026;05:00;12.9;0;SOLEIL;1;11.9;0
LILLE;50.62;3.05;21/07/2026;06:00;15.6;0;SOLEIL;2;11.9;0
LILLE;50.62;3.05;21/07/2026;07:00;17.4;0;SOLEIL;2;10.1;0
LILLE;50.62;3.05;21/07/2026;08:00;17.6;2;NUAGEUX;3;11.5;0
LILLE;50.62;3.05;21/07/2026;09:00;19.2;0;SOLEIL;3;20.9;0
LILLE;50.62;3.05;21/07/2026;10:00;20.4;0;SOLEIL;3;24.5;0
LILLE;50.62;3.05;21/07/2026;11:00;21.6;0;SOLEIL;3;26.3;0
LILLE;50.62;3.05;21/07/2026;12:00;22.6;0;SOLEIL;3;25.9;0
LILLE;50.62;3.05;21/07/2026;13:00;23.6;0;SOLEIL;4;24.5;0
LILLE;50.62;3.05;21/07/2026;14:00;23.1;0;SOLEIL;4;26.3;0
LILLE;50.62;3.05;21/07/2026;15:00;22.7;0;SOLEIL;5;34.2;0
LILLE;50.62;3.05;21/07/2026;16:00;22.6;0;SOLEIL;5;34.2;0
LILLE;50.62;3.05;21/07/2026;17:00;21.7;0;SOLEIL;5;38.2;0
LILLE;50.62;3.05;21/07/2026;18:00;20.4;0;SOLEIL;5;38.9;0
LILLE;50.62;3.05;21/07/2026;19:00;18.9;0;SOLEIL;4;38.2;0
LILLE;50.62;3.05;21/07/2026;20:00;17.6;0;SOLEIL;4;34.9;0
LILLE;50.62;3.05;21/07/2026;21:00;17.2;0;SOLEIL;3;31.0;0
LILLE;50.62;3.05;21/07/2026;22:00;17;0;SOLEIL;3;28.4;0
LILLE;50.62;3.05;21/07/2026;23:00;15.9;0;SOLEIL;2;25.9;0
REIMS;49.25;4.03;21/07/2026;00:00;15.2;0;SOLEIL;3;17.3;0
REIMS;49.25;4.03;21/07/2026;01:00;14.7;0;SOLEIL;3;22.7;0
REIMS;49.25;4.03;21/07/2026;02:00;14;0;SOLEIL;2;20.5;0
REIMS;49.25;4.03;21/07/2026;03:00;13;0;SOLEIL;2;16.9;0
REIMS;49.25;4.03;21/07/2026;04:00;12.4;0;SOLEIL;2;8.3;0
REIMS;49.25;4.03;21/07/2026;05:00;12.6;0;SOLEIL;2;8.6;0
REIMS;49.25;4.03;21/07/2026;06:00;14.6;0;SOLEIL;2;9.7;0
REIMS;49.25;4.03;21/07/2026;07:00;16.4;0;SOLEIL;2;9.7;0
REIMS;49.25;4.03;21/07/2026;08:00;19.1;0;SOLEIL;2;14.0;0
REIMS;49.25;4.03;21/07/2026;09:00;20.7;0;SOLEIL;3;16.6;0
REIMS;49.25;4.03;21/07/2026;10:00;22.6;0;SOLEIL;3;20.5;0
REIMS;49.25;4.03;21/07/2026;11:00;23.1;0;SOLEIL;4;23.4;0
REIMS;49.25;4.03;21/07/2026;12:00;24.6;0;SOLEIL;4;24.1;0
REIMS;49.25;4.03;21/07/2026;13:00;25.1;0;SOLEIL;4;28.4;0
REIMS;49.25;4.03;21/07/2026;14:00;25.5;0;SOLEIL;5;29.9;0
REIMS;49.25;4.03;21/07/2026;15:00;26;0;SOLEIL;5;28.4;0
REIMS;49.25;4.03;21/07/2026;16:00;25.7;0;SOLEIL;5;28.1;0
REIMS;49.25;4.03;21/07/2026;17:00;25.1;0;SOLEIL;5;30.2;0
REIMS;49.25;4.03;21/07/2026;18:00;24.6;0;SOLEIL;5;31.3;0
REIMS;49.25;4.03;21/07/2026;19:00;22.6;0;SOLEIL;5;37.8;0
REIMS;49.25;4.03;21/07/2026;20:00;20.6;0;SOLEIL;4;36.0;0
REIMS;49.25;4.03;21/07/2026;21:00;19.6;0;SOLEIL;3;27.7;0
REIMS;49.25;4.03;21/07/2026;22:00;18.5;0;SOLEIL;3;22.0;0
REIMS;49.25;4.03;21/07/2026;23:00;17.1;0;SOLEIL;3;14.8;0
METZ;49.11;6.17;21/07/2026;00:00;14.4;0;SOLEIL;3;19.4;0
METZ;49.11;6.17;21/07/2026;01:00;14;0;SOLEIL;3;15.8;0
METZ;49.11;6.17;21/07/2026;02:00;13.5;0;SOLEIL;3;12.2;0
METZ;49.11;6.17;21/07/2026;03:00;12.9;0;SOLEIL;3;11.9;0
METZ;49.11;6.17;21/07/2026;04:00;13.9;0;SOLEIL;4;12.6;0
METZ;49.11;6.17;21/07/2026;05:00;14.6;0;SOLEIL;4;13.7;0
METZ;49.11;6.17;21/07/2026;06:00;15.7;0;SOLEIL;4;15.8;0
METZ;49.11;6.17;21/07/2026;07:00;17.2;0;SOLEIL;4;15.8;0
METZ;49.11;6.17;21/07/2026;08:00;19.6;0;SOLEIL;3;17.6;0
METZ;49.11;6.17;21/07/2026;09:00;21.4;0;SOLEIL;4;18.7;0
METZ;49.11;6.17;21/07/2026;10:00;22.2;0;SOLEIL;4;20.2;0
METZ;49.11;6.17;21/07/2026;11:00;22.9;0;SOLEIL;4;22.3;0
METZ;49.11;6.17;21/07/2026;12:00;24.4;0;SOLEIL;4;26.6;0
METZ;49.11;6.17;21/07/2026;13:00;25.1;0;SOLEIL;4;32.8;0
METZ;49.11;6.17;21/07/2026;14:00;25.2;0;SOLEIL;4;33.5;0
METZ;49.11;6.17;21/07/2026;15:00;25.6;0;SOLEIL;4;36.0;0
METZ;49.11;6.17;21/07/2026;16:00;25.9;0;SOLEIL;4;29.2;0
METZ;49.11;6.17;21/07/2026;17:00;25.5;0;SOLEIL;4;35.6;0
METZ;49.11;6.17;21/07/2026;18:00;24.7;0;SOLEIL;4;38.5;0
METZ;49.11;6.17;21/07/2026;19:00;23.5;0;SOLEIL;4;37.8;0
METZ;49.11;6.17;21/07/2026;20:00;21.4;0;SOLEIL;4;32.0;0
METZ;49.11;6.17;21/07/2026;21:00;18.6;0;SOLEIL;3;29.5;0
METZ;49.11;6.17;21/07/2026;22:00;18.2;0;SOLEIL;3;24.5;0
METZ;49.11;6.17;21/07/2026;23:00;18.4;0;SOLEIL;3;16.9;0
NANTES;47.21;-1.55;21/07/2026;00:00;18.6;0;SOLEIL;5;37.8;0
NANTES;47.21;-1.55;21/07/2026;01:00;17.6;0;SOLEIL;5;32.4;0
NANTES;47.21;-1.55;21/07/2026;02:00;16.6;0;SOLEIL;5;31.8;0
NANTES;47.21;-1.55;21/07/2026;03:00;16.1;0;SOLEIL;4;34.0;0
NANTES;47.21;-1.55;21/07/2026;04:00;15.6;0;SOLEIL;4;33.4;0
NANTES;47.21;-1.55;21/07/2026;05:00;15.4;0;SOLEIL;4;32.0;0
NANTES;47.21;-1.55;21/07/2026;06:00;16.7;0;SOLEIL;5;31.3;0
NANTES;47.21;-1.55;21/07/2026;07:00;18.6;0;SOLEIL;5;28.4;0
NANTES;47.21;-1.55;21/07/2026;08:00;20;0;SOLEIL;5;33.8;0
NANTES;47.21;-1.55;21/07/2026;09:00;21.7;0;SOLEIL;6;34.2;0
NANTES;47.21;-1.55;21/07/2026;10:00;23.6;0;SOLEIL;6;36.0;0
NANTES;47.21;-1.55;21/07/2026;11:00;25;0;SOLEIL;6;41.0;0
NANTES;47.21;-1.55;21/07/2026;12:00;25.9;0;SOLEIL;6;42.1;0
NANTES;47.21;-1.55;21/07/2026;13:00;27.1;0;SOLEIL;6;43.2;0
NANTES;47.21;-1.55;21/07/2026;14:00;27.6;0;SOLEIL;6;42.8;0
NANTES;47.21;-1.55;21/07/2026;15:00;28;0;SOLEIL;6;42.8;0
NANTES;47.21;-1.55;21/07/2026;16:00;28.1;0;SOLEIL;6;42.8;0
NANTES;47.21;-1.55;21/07/2026;17:00;28.5;0;SOLEIL;6;41.8;0
NANTES;47.21;-1.55;21/07/2026;18:00;27.7;0;SOLEIL;6;41.4;0
NANTES;47.21;-1.55;21/07/2026;19:00;26.6;0;SOLEIL;5;41.0;0
NANTES;47.21;-1.55;21/07/2026;20:00;24.7;0;SOLEIL;4;40.0;0
NANTES;47.21;-1.55;21/07/2026;21:00;23.6;0;SOLEIL;5;38.5;0
NANTES;47.21;-1.55;21/07/2026;22:00;22.1;0;SOLEIL;5;35.6;0
NANTES;47.21;-1.55;21/07/2026;23:00;20.9;0;SOLEIL;4;34.2;0
TOURS;47.39;0.68;21/07/2026;00:00;18.4;0;SOLEIL;5;27.4;0
TOURS;47.39;0.68;21/07/2026;01:00;18;0;SOLEIL;5;22.3;0
TOURS;47.39;0.68;21/07/2026;02:00;17.1;0;SOLEIL;5;20.5;0
TOURS;47.39;0.68;21/07/2026;03:00;16.1;0;SOLEIL;5;23.0;0
TOURS;47.39;0.68;21/07/2026;04:00;15.5;0;SOLEIL;5;23.8;0
TOURS;47.39;0.68;21/07/2026;05:00;15;0;SOLEIL;5;26.3;0
TOURS;47.39;0.68;21/07/2026;06:00;16;0;SOLEIL;5;25.9;0
TOURS;47.39;0.68;21/07/2026;07:00;18.1;0;SOLEIL;5;23.8;0
TOURS;47.39;0.68;21/07/2026;08:00;20.2;0;SOLEIL;5;23.4;0
TOURS;47.39;0.68;21/07/2026;09:00;21.6;0;SOLEIL;5;26.6;0
TOURS;47.39;0.68;21/07/2026;10:00;23.4;0;SOLEIL;6;28.8;0
TOURS;47.39;0.68;21/07/2026;11:00;24.6;0;SOLEIL;6;31.0;0
TOURS;47.39;0.68;21/07/2026;12:00;25.7;0;SOLEIL;6;32.4;0
TOURS;47.39;0.68;21/07/2026;13:00;27.1;0;SOLEIL;6;33.1;0
TOURS;47.39;0.68;21/07/2026;14:00;27.9;0;SOLEIL;6;32.8;0
TOURS;47.39;0.68;21/07/2026;15:00;27.6;0;SOLEIL;6;33.5;0
TOURS;47.39;0.68;21/07/2026;16:00;28.1;0;SOLEIL;6;33.8;0
TOURS;47.39;0.68;21/07/2026;17:00;27.2;0;SOLEIL;6;34.9;0
TOURS;47.39;0.68;21/07/2026;18:00;26.6;0;SOLEIL;5;35.3;0
TOURS;47.39;0.68;21/07/2026;19:00;25.6;0;SOLEIL;5;35.6;0
TOURS;47.39;0.68;21/07/2026;20:00;23.7;0;SOLEIL;4;36.4;0
TOURS;47.39;0.68;21/07/2026;21:00;21.9;0;SOLEIL;4;33.5;0
TOURS;47.39;0.68;21/07/2026;22:00;20.6;0;SOLEIL;4;29.5;0
TOURS;47.39;0.68;21/07/2026;23:00;19.5;0;SOLEIL;4;21.6;0
AUXERRE;47.79;3.57;21/07/2026;00:00;17.5;5;SOLEIL VOILÉ;3;21.6;0
AUXERRE;47.79;3.57;21/07/2026;01:00;16.1;5;SOLEIL VOILÉ;3;19.4;0
AUXERRE;47.79;3.57;21/07/2026;02:00;14.6;5;SOLEIL VOILÉ;3;16.6;0
AUXERRE;47.79;3.57;21/07/2026;03:00;14.6;5;SOLEIL VOILÉ;3;17.3;0
AUXERRE;47.79;3.57;21/07/2026;04:00;13.5;0;SOLEIL;3;18.7;0
AUXERRE;47.79;3.57;21/07/2026;05:00;13.9;0;SOLEIL;2;17.6;0
AUXERRE;47.79;3.57;21/07/2026;06:00;15.6;0;SOLEIL;3;14.4;0
AUXERRE;47.79;3.57;21/07/2026;07:00;17.6;0;SOLEIL;3;13.0;0
AUXERRE;47.79;3.57;21/07/2026;08:00;19.6;0;SOLEIL;4;17.6;0
AUXERRE;47.79;3.57;21/07/2026;09:00;21.6;0;SOLEIL;5;23.0;0
AUXERRE;47.79;3.57;21/07/2026;10:00;23.2;0;SOLEIL;5;28.4;0
AUXERRE;47.79;3.57;21/07/2026;11:00;24.6;0;SOLEIL;5;32.4;0
AUXERRE;47.79;3.57;21/07/2026;12:00;25.5;0;SOLEIL;5;35.3;0
AUXERRE;47.79;3.57;21/07/2026;13:00;26.5;0;SOLEIL;5;38.2;0
AUXERRE;47.79;3.57;21/07/2026;14:00;26.7;0;SOLEIL;5;38.9;0
AUXERRE;47.79;3.57;21/07/2026;15:00;26.9;0;SOLEIL;5;39.2;0
AUXERRE;47.79;3.57;21/07/2026;16:00;27.1;0;SOLEIL;5;37.4;0
AUXERRE;47.79;3.57;21/07/2026;17:00;26.6;0;SOLEIL;5;39.2;0
AUXERRE;47.79;3.57;21/07/2026;18:00;26.4;0;SOLEIL;5;42.5;0
AUXERRE;47.79;3.57;21/07/2026;19:00;25.1;0;SOLEIL;4;39.2;0
AUXERRE;47.79;3.57;21/07/2026;20:00;24;0;SOLEIL;3;36.7;0
AUXERRE;47.79;3.57;21/07/2026;21:00;22.2;0;SOLEIL;3;34.9;0
AUXERRE;47.79;3.57;21/07/2026;22:00;21;0;SOLEIL;3;28.1;0
AUXERRE;47.79;3.57;21/07/2026;23:00;18.6;0;SOLEIL;3;22.3;0
CHAUMONT;48.11;5.14;21/07/2026;00:00;12;5;SOLEIL VOILÉ;3;11.5;0
CHAUMONT;48.11;5.14;21/07/2026;01:00;11.6;5;SOLEIL VOILÉ;2;11.5;0
CHAUMONT;48.11;5.14;21/07/2026;02:00;10.9;5;SOLEIL VOILÉ;2;13.0;0
CHAUMONT;48.11;5.14;21/07/2026;03:00;10.4;5;SOLEIL VOILÉ;2;14.0;0
CHAUMONT;48.11;5.14;21/07/2026;04:00;9.4;5;SOLEIL VOILÉ;2;14.0;0
CHAUMONT;48.11;5.14;21/07/2026;05:00;10.1;0;SOLEIL;2;13.7;0
CHAUMONT;48.11;5.14;21/07/2026;06:00;14.1;0;SOLEIL;2;14.0;0
CHAUMONT;48.11;5.14;21/07/2026;07:00;17.2;0;SOLEIL;3;11.9;0
CHAUMONT;48.11;5.14;21/07/2026;08:00;19.2;0;SOLEIL;4;17.3;0
CHAUMONT;48.11;5.14;21/07/2026;09:00;21.1;0;SOLEIL;5;22.7;0
CHAUMONT;48.11;5.14;21/07/2026;10:00;21.6;0;SOLEIL;5;25.2;0
CHAUMONT;48.11;5.14;21/07/2026;11:00;23;0;SOLEIL;5;28.8;0
CHAUMONT;48.11;5.14;21/07/2026;12:00;24;0;SOLEIL;4;31.3;0
CHAUMONT;48.11;5.14;21/07/2026;13:00;24.5;0;SOLEIL;4;32.0;0
CHAUMONT;48.11;5.14;21/07/2026;14:00;25.2;0;SOLEIL;4;32.0;0
CHAUMONT;48.11;5.14;21/07/2026;15:00;25.6;0;SOLEIL;4;32.8;0
CHAUMONT;48.11;5.14;21/07/2026;16:00;25.5;0;SOLEIL;4;36.4;0
CHAUMONT;48.11;5.14;21/07/2026;17:00;24.9;0;SOLEIL;4;33.8;0
CHAUMONT;48.11;5.14;21/07/2026;18:00;24.5;0;SOLEIL;4;33.5;0
CHAUMONT;48.11;5.14;21/07/2026;19:00;22.7;0;SOLEIL;3;32.4;0
CHAUMONT;48.11;5.14;21/07/2026;20:00;19.4;0;SOLEIL;2;31.3;0
CHAUMONT;48.11;5.14;21/07/2026;21:00;16.1;0;SOLEIL;2;23.0;0
CHAUMONT;48.11;5.14;21/07/2026;22:00;15.2;0;SOLEIL;2;14.0;0
CHAUMONT;48.11;5.14;21/07/2026;23:00;12.6;0;SOLEIL;2;15.5;0
STRASBOURG;48.57;7.75;21/07/2026;00:00;16.1;0;SOLEIL;3;25.2;0
STRASBOURG;48.57;7.75;21/07/2026;01:00;15.2;0;SOLEIL;3;24.1;0
STRASBOURG;48.57;7.75;21/07/2026;02:00;15.1;0;SOLEIL;3;26.3;0
STRASBOURG;48.57;7.75;21/07/2026;03:00;14.5;5;SOLEIL VOILÉ;3;25.9;0
STRASBOURG;48.57;7.75;21/07/2026;04:00;14.4;5;SOLEIL VOILÉ;3;24.1;0
STRASBOURG;48.57;7.75;21/07/2026;05:00;14.7;5;SOLEIL VOILÉ;4;19.1;0
STRASBOURG;48.57;7.75;21/07/2026;06:00;15.7;5;SOLEIL VOILÉ;4;18.4;0
STRASBOURG;48.57;7.75;21/07/2026;07:00;17.7;5;SOLEIL VOILÉ;4;16.6;0
STRASBOURG;48.57;7.75;21/07/2026;08:00;19.9;5;SOLEIL VOILÉ;4;19.4;0
STRASBOURG;48.57;7.75;21/07/2026;09:00;21.6;0;SOLEIL;5;25.2;0
STRASBOURG;48.57;7.75;21/07/2026;10:00;22.5;0;SOLEIL;5;29.5;0
STRASBOURG;48.57;7.75;21/07/2026;11:00;23.4;0;SOLEIL;5;31.0;0
STRASBOURG;48.57;7.75;21/07/2026;12:00;24.2;0;SOLEIL;4;30.6;0
STRASBOURG;48.57;7.75;21/07/2026;13:00;24.7;0;SOLEIL;4;31.3;0
STRASBOURG;48.57;7.75;21/07/2026;14:00;25;0;SOLEIL;4;33.5;0
STRASBOURG;48.57;7.75;21/07/2026;15:00;25.4;0;SOLEIL;4;35.6;0
STRASBOURG;48.57;7.75;21/07/2026;16:00;25.6;0;SOLEIL;4;31.7;0
STRASBOURG;48.57;7.75;21/07/2026;17:00;25;0;SOLEIL;4;38.2;0
STRASBOURG;48.57;7.75;21/07/2026;18:00;23.5;0;SOLEIL;4;29.5;0
STRASBOURG;48.57;7.75;21/07/2026;19:00;21.7;0;SOLEIL;3;34.6;0
STRASBOURG;48.57;7.75;21/07/2026;20:00;20.6;0;SOLEIL;2;33.1;0
STRASBOURG;48.57;7.75;21/07/2026;21:00;18.5;0;SOLEIL;2;26.3;0
STRASBOURG;48.57;7.75;21/07/2026;22:00;17.5;0;SOLEIL;2;22.3;0
STRASBOURG;48.57;7.75;21/07/2026;23:00;16.6;0;SOLEIL;2;13.0;0
BOURGES;47.08;2.39;21/07/2026;00:00;19.1;0;SOLEIL;4;27.4;0
BOURGES;47.08;2.39;21/07/2026;01:00;17.7;0;SOLEIL;4;23.8;0
BOURGES;47.08;2.39;21/07/2026;02:00;17.1;0;SOLEIL;4;23.4;0
BOURGES;47.08;2.39;21/07/2026;03:00;17;0;SOLEIL;4;21.2;0
BOURGES;47.08;2.39;21/07/2026;04:00;16.1;0;SOLEIL;4;21.6;0
BOURGES;47.08;2.39;21/07/2026;05:00;15.6;0;SOLEIL;3;20.5;0
BOURGES;47.08;2.39;21/07/2026;06:00;17.1;0;SOLEIL;4;22.7;0
BOURGES;47.08;2.39;21/07/2026;07:00;18.5;0;SOLEIL;4;22.7;0
BOURGES;47.08;2.39;21/07/2026;08:00;19.7;0;SOLEIL;5;23.4;0
BOURGES;47.08;2.39;21/07/2026;09:00;21.7;0;SOLEIL;5;33.5;0
BOURGES;47.08;2.39;21/07/2026;10:00;22.4;0;SOLEIL;5;39.2;0
BOURGES;47.08;2.39;21/07/2026;11:00;23.5;0;SOLEIL;5;40.0;0
BOURGES;47.08;2.39;21/07/2026;12:00;24.9;0;SOLEIL;5;42.5;0
BOURGES;47.08;2.39;21/07/2026;13:00;25.6;0;SOLEIL;5;42.8;0
BOURGES;47.08;2.39;21/07/2026;14:00;27;0;SOLEIL;5;42.8;0
BOURGES;47.08;2.39;21/07/2026;15:00;26.7;0;SOLEIL;5;40.3;0
BOURGES;47.08;2.39;21/07/2026;16:00;27.6;0;SOLEIL;5;40.3;0
BOURGES;47.08;2.39;21/07/2026;17:00;27.1;0;SOLEIL;5;40.7;0
BOURGES;47.08;2.39;21/07/2026;18:00;26.1;0;SOLEIL;5;40.7;0
BOURGES;47.08;2.39;21/07/2026;19:00;25.1;0;SOLEIL;5;42.8;0
BOURGES;47.08;2.39;21/07/2026;20:00;24.6;0;SOLEIL;3;42.1;0
BOURGES;47.08;2.39;21/07/2026;21:00;22.9;0;SOLEIL;3;39.2;0
BOURGES;47.08;2.39;21/07/2026;22:00;22.1;0;SOLEIL;3;24.1;0
BOURGES;47.08;2.39;21/07/2026;23:00;20.9;0;SOLEIL;3;17.3;0
BELFORT;47.63;6.86;21/07/2026;00:00;15.4;5;SOLEIL VOILÉ;5;19.4;0
BELFORT;47.63;6.86;21/07/2026;01:00;14.7;5;SOLEIL VOILÉ;4;16.2;0
BELFORT;47.63;6.86;21/07/2026;02:00;14.1;5;SOLEIL VOILÉ;4;12.6;0
BELFORT;47.63;6.86;21/07/2026;03:00;13.7;5;SOLEIL VOILÉ;4;9.7;0
BELFORT;47.63;6.86;21/07/2026;04:00;13.7;5;SOLEIL VOILÉ;4;6.5;0
BELFORT;47.63;6.86;21/07/2026;05:00;15;5;SOLEIL VOILÉ;3;4.0;0
BELFORT;47.63;6.86;21/07/2026;06:00;16.7;5;SOLEIL VOILÉ;4;6.5;0
BELFORT;47.63;6.86;21/07/2026;07:00;17.9;5;SOLEIL VOILÉ;5;6.8;0
BELFORT;47.63;6.86;21/07/2026;08:00;19.1;5;SOLEIL VOILÉ;5;14.0;0
BELFORT;47.63;6.86;21/07/2026;09:00;20.6;0;SOLEIL;5;23.4;0
BELFORT;47.63;6.86;21/07/2026;10:00;21.4;0;SOLEIL;5;29.9;0
BELFORT;47.63;6.86;21/07/2026;11:00;22.1;0;SOLEIL;5;36.7;0
BELFORT;47.63;6.86;21/07/2026;12:00;23.6;0;SOLEIL;4;37.8;0
BELFORT;47.63;6.86;21/07/2026;13:00;25;0;SOLEIL;4;35.6;0
BELFORT;47.63;6.86;21/07/2026;14:00;25.1;0;SOLEIL;4;37.1;0
BELFORT;47.63;6.86;21/07/2026;15:00;25.2;0;SOLEIL;4;37.8;0
BELFORT;47.63;6.86;21/07/2026;16:00;24.5;0;SOLEIL;4;41.0;0
BELFORT;47.63;6.86;21/07/2026;17:00;24.1;0;SOLEIL;5;42.1;0
BELFORT;47.63;6.86;21/07/2026;18:00;23.2;0;SOLEIL;5;40.7;0
BELFORT;47.63;6.86;21/07/2026;19:00;21;0;SOLEIL;4;40.7;0
BELFORT;47.63;6.86;21/07/2026;20:00;19;0;SOLEIL;3;37.1;0
BELFORT;47.63;6.86;21/07/2026;21:00;17.7;0;SOLEIL;2;31.0;0
BELFORT;47.63;6.86;21/07/2026;22:00;16.4;0;SOLEIL;2;18.0;0
BELFORT;47.63;6.86;21/07/2026;23:00;15.4;0;SOLEIL;1;9.4;0
LIMOGES;45.83;1.26;21/07/2026;00:00;18.4;0;SOLEIL;5;37.1;0
LIMOGES;45.83;1.26;21/07/2026;01:00;17.4;0;SOLEIL;5;36.4;0
LIMOGES;45.83;1.26;21/07/2026;02:00;17.1;0;SOLEIL;5;34.9;0
LIMOGES;45.83;1.26;21/07/2026;03:00;16.6;0;SOLEIL;5;34.2;0
LIMOGES;45.83;1.26;21/07/2026;04:00;16.2;0;SOLEIL;5;32.8;0
LIMOGES;45.83;1.26;21/07/2026;05:00;15.9;0;SOLEIL;5;29.9;0
LIMOGES;45.83;1.26;21/07/2026;06:00;16.5;0;SOLEIL;5;29.2;0
LIMOGES;45.83;1.26;21/07/2026;07:00;18.5;0;SOLEIL;5;29.2;0
LIMOGES;45.83;1.26;21/07/2026;08:00;20.6;0;SOLEIL;6;27.7;0
LIMOGES;45.83;1.26;21/07/2026;09:00;23.1;0;SOLEIL;6;33.8;0
LIMOGES;45.83;1.26;21/07/2026;10:00;24.2;0;SOLEIL;6;36.0;0
LIMOGES;45.83;1.26;21/07/2026;11:00;25.5;0;SOLEIL;6;39.6;0
LIMOGES;45.83;1.26;21/07/2026;12:00;26.9;0;SOLEIL;6;41.0;0
LIMOGES;45.83;1.26;21/07/2026;13:00;28.1;0;SOLEIL;6;42.5;0
LIMOGES;45.83;1.26;21/07/2026;14:00;28.6;0;SOLEIL;6;43.6;0
LIMOGES;45.83;1.26;21/07/2026;15:00;29;0;SOLEIL;6;43.6;0
LIMOGES;45.83;1.26;21/07/2026;16:00;28.7;0;SOLEIL;6;43.2;0
LIMOGES;45.83;1.26;21/07/2026;17:00;27.9;0;SOLEIL;6;43.2;0
LIMOGES;45.83;1.26;21/07/2026;18:00;27.1;0;SOLEIL;6;43.6;0
LIMOGES;45.83;1.26;21/07/2026;19:00;25.2;0;SOLEIL;5;41.4;0
LIMOGES;45.83;1.26;21/07/2026;20:00;23.5;0;SOLEIL;4;41.4;0
LIMOGES;45.83;1.26;21/07/2026;21:00;22;0;SOLEIL;4;36.4;0
LIMOGES;45.83;1.26;21/07/2026;22:00;20.1;0;SOLEIL;4;33.1;0
LIMOGES;45.83;1.26;21/07/2026;23:00;18.6;0;SOLEIL;4;28.1;0
VICHY;46.12;3.42;21/07/2026;00:00;18.7;0;SOLEIL;3;19.4;0
VICHY;46.12;3.42;21/07/2026;01:00;17.6;0;SOLEIL;3;19.1;0
VICHY;46.12;3.42;21/07/2026;02:00;16;0;SOLEIL;3;18.7;0
VICHY;46.12;3.42;21/07/2026;03:00;15.6;0;SOLEIL;2;18.7;0
VICHY;46.12;3.42;21/07/2026;04:00;14.1;0;SOLEIL;2;16.9;0
VICHY;46.12;3.42;21/07/2026;05:00;14.1;0;SOLEIL;2;14.8;0
VICHY;46.12;3.42;21/07/2026;06:00;15.6;0;SOLEIL;2;14.0;0
VICHY;46.12;3.42;21/07/2026;07:00;17;0;SOLEIL;3;14.8;0
VICHY;46.12;3.42;21/07/2026;08:00;19;0;SOLEIL;3;16.9;0
VICHY;46.12;3.42;21/07/2026;09:00;22.2;0;SOLEIL;4;22.3;0
VICHY;46.12;3.42;21/07/2026;10:00;24.2;0;SOLEIL;4;23.8;0
VICHY;46.12;3.42;21/07/2026;11:00;25.7;0;SOLEIL;4;28.1;0
VICHY;46.12;3.42;21/07/2026;12:00;27.2;0;SOLEIL;4;30.2;0
VICHY;46.12;3.42;21/07/2026;13:00;27.4;0;SOLEIL;4;31.7;0
VICHY;46.12;3.42;21/07/2026;14:00;28;0;SOLEIL;4;31.7;0
VICHY;46.12;3.42;21/07/2026;15:00;29;0;SOLEIL;4;35.6;0
VICHY;46.12;3.42;21/07/2026;16:00;29.4;0;SOLEIL;4;36.0;0
VICHY;46.12;3.42;21/07/2026;17:00;29.1;0;SOLEIL;4;31.0;0
VICHY;46.12;3.42;21/07/2026;18:00;28.1;0;SOLEIL;4;36.4;0
VICHY;46.12;3.42;21/07/2026;19:00;25.5;0;SOLEIL;4;38.9;0
VICHY;46.12;3.42;21/07/2026;20:00;23.1;0;SOLEIL;3;37.8;0
VICHY;46.12;3.42;21/07/2026;21:00;22;0;SOLEIL;3;36.0;0
VICHY;46.12;3.42;21/07/2026;22:00;20.2;0;SOLEIL;2;28.8;0
VICHY;46.12;3.42;21/07/2026;23:00;19.1;0;SOLEIL;2;15.8;0
CHALON/S.;46.78;4.85;21/07/2026;00:00;17.5;0;SOLEIL;5;24.8;0
CHALON/S.;46.78;4.85;21/07/2026;01:00;16.7;0;SOLEIL;5;25.2;0
CHALON/S.;46.78;4.85;21/07/2026;02:00;15.6;0;SOLEIL;5;26.3;0
CHALON/S.;46.78;4.85;21/07/2026;03:00;15.1;0;SOLEIL;5;25.2;0
CHALON/S.;46.78;4.85;21/07/2026;04:00;14;0;SOLEIL;5;25.6;0
CHALON/S.;46.78;4.85;21/07/2026;05:00;15.1;0;SOLEIL;4;25.9;0
CHALON/S.;46.78;4.85;21/07/2026;06:00;17.6;0;SOLEIL;5;24.8;0
CHALON/S.;46.78;4.85;21/07/2026;07:00;19.1;0;SOLEIL;5;25.6;0
CHALON/S.;46.78;4.85;21/07/2026;08:00;21;0;SOLEIL;5;26.6;0
CHALON/S.;46.78;4.85;21/07/2026;09:00;22.4;0;SOLEIL;5;31.3;0
CHALON/S.;46.78;4.85;21/07/2026;10:00;23.6;0;SOLEIL;5;31.3;0
CHALON/S.;46.78;4.85;21/07/2026;11:00;25.1;0;SOLEIL;5;31.7;0
CHALON/S.;46.78;4.85;21/07/2026;12:00;26.1;0;SOLEIL;5;33.5;0
CHALON/S.;46.78;4.85;21/07/2026;13:00;26.6;0;SOLEIL;5;35.6;0
CHALON/S.;46.78;4.85;21/07/2026;14:00;27.2;0;SOLEIL;6;37.1;0
CHALON/S.;46.78;4.85;21/07/2026;15:00;27.6;0;SOLEIL;6;37.4;0
CHALON/S.;46.78;4.85;21/07/2026;16:00;27.7;0;SOLEIL;6;38.9;0
CHALON/S.;46.78;4.85;21/07/2026;17:00;26.7;0;SOLEIL;6;40.7;0
CHALON/S.;46.78;4.85;21/07/2026;18:00;26;0;SOLEIL;5;40.7;0
CHALON/S.;46.78;4.85;21/07/2026;19:00;24.1;0;SOLEIL;5;42.1;0
CHALON/S.;46.78;4.85;21/07/2026;20:00;20.7;0;SOLEIL;4;40.7;0
CHALON/S.;46.78;4.85;21/07/2026;21:00;18.7;0;SOLEIL;3;36.4;0
CHALON/S.;46.78;4.85;21/07/2026;22:00;18.6;0;SOLEIL;3;32.4;0
CHALON/S.;46.78;4.85;21/07/2026;23:00;18.1;0;SOLEIL;3;25.9;0
LYON;45.76;4.83;21/07/2026;00:00;21.1;0;SOLEIL;4;30.2;0
LYON;45.76;4.83;21/07/2026;01:00;20.2;0;SOLEIL;4;29.5;0
LYON;45.76;4.83;21/07/2026;02:00;19.2;0;SOLEIL;3;28.4;0
LYON;45.76;4.83;21/07/2026;03:00;18.9;0;SOLEIL;3;29.2;0
LYON;45.76;4.83;21/07/2026;04:00;18.1;0;SOLEIL;3;24.1;0
LYON;45.76;4.83;21/07/2026;05:00;18.2;0;SOLEIL;3;22.7;0
LYON;45.76;4.83;21/07/2026;06:00;19.7;0;SOLEIL;3;21.2;0
LYON;45.76;4.83;21/07/2026;07:00;19.1;0;SOLEIL;3;19.8;0
LYON;45.76;4.83;21/07/2026;08:00;21.1;0;SOLEIL;3;20.9;0
LYON;45.76;4.83;21/07/2026;09:00;23.1;0;SOLEIL;4;25.9;0
LYON;45.76;4.83;21/07/2026;10:00;23.9;0;SOLEIL;4;26.6;0
LYON;45.76;4.83;21/07/2026;11:00;25.6;0;SOLEIL;4;30.6;0
LYON;45.76;4.83;21/07/2026;12:00;26.7;0;SOLEIL;5;32.4;0
LYON;45.76;4.83;21/07/2026;13:00;27.6;0;SOLEIL;5;33.8;0
LYON;45.76;4.83;21/07/2026;14:00;27.5;0;SOLEIL;5;34.2;0
LYON;45.76;4.83;21/07/2026;15:00;29.2;0;SOLEIL;5;34.2;0
LYON;45.76;4.83;21/07/2026;16:00;28.1;0;SOLEIL;5;35.3;0
LYON;45.76;4.83;21/07/2026;17:00;27.5;0;SOLEIL;6;36.4;0
LYON;45.76;4.83;21/07/2026;18:00;27.5;0;SOLEIL;6;37.1;0
LYON;45.76;4.83;21/07/2026;19:00;24;0;SOLEIL;5;38.9;0
LYON;45.76;4.83;21/07/2026;20:00;23.1;0;SOLEIL;5;38.9;0
LYON;45.76;4.83;21/07/2026;21:00;22.6;0;SOLEIL;5;35.6;0
LYON;45.76;4.83;21/07/2026;22:00;22.4;0;SOLEIL;4;36.7;0
LYON;45.76;4.83;21/07/2026;23:00;21.7;0;SOLEIL;4;37.4;0
PONTARLIER;46.9;6.35;21/07/2026;00:00;11.9;0;SOLEIL;1;15.1;0
PONTARLIER;46.9;6.35;21/07/2026;01:00;12.2;0;SOLEIL;1;13.7;0
PONTARLIER;46.9;6.35;21/07/2026;02:00;11.2;0;SOLEIL;1;13.7;0
PONTARLIER;46.9;6.35;21/07/2026;03:00;10;0;SOLEIL;1;12.2;0
PONTARLIER;46.9;6.35;21/07/2026;04:00;9.6;0;SOLEIL;1;13.3;0
PONTARLIER;46.9;6.35;21/07/2026;05:00;10.7;5;SOLEIL VOILÉ;2;15.5;0
PONTARLIER;46.9;6.35;21/07/2026;06:00;14.1;5;SOLEIL VOILÉ;1;15.8;0
PONTARLIER;46.9;6.35;21/07/2026;07:00;17.1;5;SOLEIL VOILÉ;2;16.6;0
PONTARLIER;46.9;6.35;21/07/2026;08:00;19.9;0;SOLEIL;1;10.8;0
PONTARLIER;46.9;6.35;21/07/2026;09:00;21.4;0;SOLEIL;3;8.6;0
PONTARLIER;46.9;6.35;21/07/2026;10:00;22.1;0;SOLEIL;3;14.4;0
PONTARLIER;46.9;6.35;21/07/2026;11:00;23.9;0;SOLEIL;3;12.2;0
PONTARLIER;46.9;6.35;21/07/2026;12:00;24;0;SOLEIL;4;10.8;0
PONTARLIER;46.9;6.35;21/07/2026;13:00;24.4;0;SOLEIL;4;19.4;0
PONTARLIER;46.9;6.35;21/07/2026;14:00;24.5;0;SOLEIL;5;21.6;0
PONTARLIER;46.9;6.35;21/07/2026;15:00;24.1;0;SOLEIL;4;22.3;0
PONTARLIER;46.9;6.35;21/07/2026;16:00;23.9;0;SOLEIL;4;25.9;0
PONTARLIER;46.9;6.35;21/07/2026;17:00;23.1;0;SOLEIL;4;29.5;0
PONTARLIER;46.9;6.35;21/07/2026;18:00;21.5;0;SOLEIL;4;30.6;0
PONTARLIER;46.9;6.35;21/07/2026;19:00;19.2;0;SOLEIL;3;32.4;0
PONTARLIER;46.9;6.35;21/07/2026;20:00;16.9;0;SOLEIL;3;30.6;0
PONTARLIER;46.9;6.35;21/07/2026;21:00;15;0;SOLEIL;3;24.5;0
PONTARLIER;46.9;6.35;21/07/2026;22:00;13.4;0;SOLEIL;3;25.6;0
PONTARLIER;46.9;6.35;21/07/2026;23:00;12.2;0;SOLEIL;2;28.8;0
LA ROCHELLE;46.16;-1.15;21/07/2026;00:00;19.9;0;SOLEIL;6;28.8;0
LA ROCHELLE;46.16;-1.15;21/07/2026;01:00;18.9;0;SOLEIL;6;30.2;0
LA ROCHELLE;46.16;-1.15;21/07/2026;02:00;17.7;0;SOLEIL;6;36.2;0
LA ROCHELLE;46.16;-1.15;21/07/2026;03:00;17.7;0;SOLEIL;5;36.4;0
LA ROCHELLE;46.16;-1.15;21/07/2026;04:00;17.1;0;SOLEIL;5;35.3;0
LA ROCHELLE;46.16;-1.15;21/07/2026;05:00;17.1;0;SOLEIL;5;33.1;0
LA ROCHELLE;46.16;-1.15;21/07/2026;06:00;18.4;0;SOLEIL;6;28.8;0
LA ROCHELLE;46.16;-1.15;21/07/2026;07:00;19.4;0;SOLEIL;6;29.9;0
LA ROCHELLE;46.16;-1.15;21/07/2026;08:00;21.6;0;SOLEIL;6;32.4;0
LA ROCHELLE;46.16;-1.15;21/07/2026;09:00;23.1;0;SOLEIL;7;39.2;0
LA ROCHELLE;46.16;-1.15;21/07/2026;10:00;24.9;0;SOLEIL;7;41.4;0
LA ROCHELLE;46.16;-1.15;21/07/2026;11:00;26.1;0;SOLEIL;7;43.2;0
LA ROCHELLE;46.16;-1.15;21/07/2026;12:00;27.5;0;SOLEIL;7;46.1;0
LA ROCHELLE;46.16;-1.15;21/07/2026;13:00;28.4;0;SOLEIL;7;46.8;0
LA ROCHELLE;46.16;-1.15;21/07/2026;14:00;29.2;0;SOLEIL;7;46.4;0
LA ROCHELLE;46.16;-1.15;21/07/2026;15:00;29.1;0;SOLEIL;7;46.4;0
LA ROCHELLE;46.16;-1.15;21/07/2026;16:00;30.1;0;SOLEIL;7;46.1;0
LA ROCHELLE;46.16;-1.15;21/07/2026;17:00;30.2;0;SOLEIL;6;45.7;0
LA ROCHELLE;46.16;-1.15;21/07/2026;18:00;29.1;0;SOLEIL;6;44.3;0
LA ROCHELLE;46.16;-1.15;21/07/2026;19:00;28;0;SOLEIL;6;43.9;0
LA ROCHELLE;46.16;-1.15;21/07/2026;20:00;24.6;0;SOLEIL;5;43.6;0
LA ROCHELLE;46.16;-1.15;21/07/2026;21:00;22.6;0;SOLEIL;4;42.5;0
LA ROCHELLE;46.16;-1.15;21/07/2026;22:00;22.1;0;SOLEIL;4;39.2;0
LA ROCHELLE;46.16;-1.15;21/07/2026;23:00;21.1;0;SOLEIL;4;29.9;0
BORDEAUX;44.83;-0.57;21/07/2026;00:00;24.6;0;SOLEIL;4;25.9;0
BORDEAUX;44.83;-0.57;21/07/2026;01:00;23.6;0;SOLEIL;4;25.9;0
BORDEAUX;44.83;-0.57;21/07/2026;02:00;22.9;0;SOLEIL;4;25.6;0
BORDEAUX;44.83;-0.57;21/07/2026;03:00;21.7;0;SOLEIL;4;24.5;0
BORDEAUX;44.83;-0.57;21/07/2026;04:00;20.9;0;SOLEIL;4;24.5;0
BORDEAUX;44.83;-0.57;21/07/2026;05:00;20.1;0;SOLEIL;4;23.4;0
BORDEAUX;44.83;-0.57;21/07/2026;06:00;20.9;0;SOLEIL;4;22.7;0
BORDEAUX;44.83;-0.57;21/07/2026;07:00;22.4;0;SOLEIL;4;20.5;0
BORDEAUX;44.83;-0.57;21/07/2026;08:00;24;0;SOLEIL;4;23.8;0
BORDEAUX;44.83;-0.57;21/07/2026;09:00;25.6;0;SOLEIL;4;28.1;0
BORDEAUX;44.83;-0.57;21/07/2026;10:00;27.2;0;SOLEIL;4;29.2;0
BORDEAUX;44.83;-0.57;21/07/2026;11:00;28.1;0;SOLEIL;4;32.0;0
BORDEAUX;44.83;-0.57;21/07/2026;12:00;30.6;0;SOLEIL;4;34.9;0
BORDEAUX;44.83;-0.57;21/07/2026;13:00;31.6;0;SOLEIL;4;36.7;0
BORDEAUX;44.83;-0.57;21/07/2026;14:00;32.4;0;SOLEIL;4;36.7;0
BORDEAUX;44.83;-0.57;21/07/2026;15:00;33.2;0;SOLEIL;5;35.6;0
BORDEAUX;44.83;-0.57;21/07/2026;16:00;33.2;0;SOLEIL;5;37.1;0
BORDEAUX;44.83;-0.57;21/07/2026;17:00;32.9;0;SOLEIL;5;37.4;0
BORDEAUX;44.83;-0.57;21/07/2026;18:00;32;0;SOLEIL;5;37.8;0
BORDEAUX;44.83;-0.57;21/07/2026;19:00;29.6;0;SOLEIL;5;37.8;0
BORDEAUX;44.83;-0.57;21/07/2026;20:00;28.1;0;SOLEIL;5;36.7;0
BORDEAUX;44.83;-0.57;21/07/2026;21:00;26.6;0;SOLEIL;4;33.8;0
BORDEAUX;44.83;-0.57;21/07/2026;22:00;25.6;0;SOLEIL;4;27.4;0
BORDEAUX;44.83;-0.57;21/07/2026;23:00;24.6;0;SOLEIL;4;22.3;0
BIARRITZ;43.48;-1.56;21/07/2026;00:00;23.9;0;SOLEIL;8;33.5;0
BIARRITZ;43.48;-1.56;21/07/2026;01:00;23.1;0;SOLEIL;7;31.0;0
BIARRITZ;43.48;-1.56;21/07/2026;02:00;22.9;0;SOLEIL;8;35.0;0
BIARRITZ;43.48;-1.56;21/07/2026;03:00;22.7;0;SOLEIL;8;38.5;0
BIARRITZ;43.48;-1.56;21/07/2026;04:00;22.4;5;SOLEIL VOILÉ;8;38.5;0
BIARRITZ;43.48;-1.56;21/07/2026;05:00;22;0;SOLEIL;7;38.5;0
BIARRITZ;43.48;-1.56;21/07/2026;06:00;22.5;0;SOLEIL;6;38.2;0
BIARRITZ;43.48;-1.56;21/07/2026;07:00;23.6;0;SOLEIL;6;36.0;0
BIARRITZ;43.48;-1.56;21/07/2026;08:00;24.4;0;SOLEIL;5;32.0;0
BIARRITZ;43.48;-1.56;21/07/2026;09:00;25.6;0;SOLEIL;4;31.7;0
BIARRITZ;43.48;-1.56;21/07/2026;10:00;26.6;0;SOLEIL;3;31.7;0
BIARRITZ;43.48;-1.56;21/07/2026;11:00;27.4;0;SOLEIL;4;29.5;0
BIARRITZ;43.48;-1.56;21/07/2026;12:00;27.6;0;SOLEIL;4;25.6;0
BIARRITZ;43.48;-1.56;21/07/2026;13:00;28;0;SOLEIL;4;22.0;0
BIARRITZ;43.48;-1.56;21/07/2026;14:00;27.2;0;SOLEIL;4;25.6;0
BIARRITZ;43.48;-1.56;21/07/2026;15:00;27.6;0;SOLEIL;4;27.0;0
BIARRITZ;43.48;-1.56;21/07/2026;16:00;27.6;0;SOLEIL;4;27.7;0
BIARRITZ;43.48;-1.56;21/07/2026;17:00;27.6;0;SOLEIL;5;27.4;0
BIARRITZ;43.48;-1.56;21/07/2026;18:00;27.2;0;SOLEIL;5;26.3;0
BIARRITZ;43.48;-1.56;21/07/2026;19:00;25.1;0;SOLEIL;6;22.7;0
BIARRITZ;43.48;-1.56;21/07/2026;20:00;23.9;0;SOLEIL;6;19.8;0
BIARRITZ;43.48;-1.56;21/07/2026;21:00;24.1;0;SOLEIL;7;21.2;0
BIARRITZ;43.48;-1.56;21/07/2026;22:00;24;0;SOLEIL;6;25.9;0
BIARRITZ;43.48;-1.56;21/07/2026;23:00;23.1;0;SOLEIL;6;32.4;0
TARBES;43.23;0.07;21/07/2026;00:00;22.7;0;SOLEIL;1;18.7;0
TARBES;43.23;0.07;21/07/2026;01:00;21.6;0;SOLEIL;2;13.3;0
TARBES;43.23;0.07;21/07/2026;02:00;21.1;0;SOLEIL;2;11.9;0
TARBES;43.23;0.07;21/07/2026;03:00;20.5;0;SOLEIL;2;10.8;0
TARBES;43.23;0.07;21/07/2026;04:00;20.1;0;SOLEIL;2;11.2;0
TARBES;43.23;0.07;21/07/2026;05:00;20.1;0;SOLEIL;2;11.9;0
TARBES;43.23;0.07;21/07/2026;06:00;21.1;0;SOLEIL;2;11.9;0
TARBES;43.23;0.07;21/07/2026;07:00;23;0;SOLEIL;2;11.5;0
TARBES;43.23;0.07;21/07/2026;08:00;24.5;0;SOLEIL;2;11.5;0
TARBES;43.23;0.07;21/07/2026;09:00;25.9;0;SOLEIL;3;20.5;0
TARBES;43.23;0.07;21/07/2026;10:00;27.2;0;SOLEIL;3;24.8;0
TARBES;43.23;0.07;21/07/2026;11:00;28.4;0;SOLEIL;3;25.2;0
TARBES;43.23;0.07;21/07/2026;12:00;29.5;0;SOLEIL;3;18.7;0
TARBES;43.23;0.07;21/07/2026;13:00;30;0;SOLEIL;3;17.3;0
TARBES;43.23;0.07;21/07/2026;14:00;31.1;0;SOLEIL;3;15.5;0
TARBES;43.23;0.07;21/07/2026;15:00;31.6;0;SOLEIL;3;15.1;0
TARBES;43.23;0.07;21/07/2026;16:00;31.6;0;SOLEIL;3;14.8;0
TARBES;43.23;0.07;21/07/2026;17:00;31.2;0;SOLEIL;3;14.4;0
TARBES;43.23;0.07;21/07/2026;18:00;30.4;0;SOLEIL;2;12.6;0
TARBES;43.23;0.07;21/07/2026;19:00;29.2;0;SOLEIL;3;11.5;0
TARBES;43.23;0.07;21/07/2026;20:00;25.6;0;SOLEIL;3;10.8;0
TARBES;43.23;0.07;21/07/2026;21:00;23;0;SOLEIL;2;10.4;0
TARBES;43.23;0.07;21/07/2026;22:00;22.1;0;SOLEIL;2;10.4;0
TARBES;43.23;0.07;21/07/2026;23:00;21.5;0;SOLEIL;2;11.9;0
TOULOUSE;43.6;1.44;21/07/2026;00:00;27.1;0;SOLEIL;2;18.0;0
TOULOUSE;43.6;1.44;21/07/2026;01:00;26.2;0;SOLEIL;2;13.7;0
TOULOUSE;43.6;1.44;21/07/2026;02:00;25.6;0;SOLEIL;3;8.3;0
TOULOUSE;43.6;1.44;21/07/2026;03:00;24.5;0;SOLEIL;3;9.4;0
TOULOUSE;43.6;1.44;21/07/2026;04:00;23.4;0;SOLEIL;3;10.4;0
TOULOUSE;43.6;1.44;21/07/2026;05:00;22.9;0;SOLEIL;3;12.2;0
TOULOUSE;43.6;1.44;21/07/2026;06:00;24;0;SOLEIL;3;14.0;0
TOULOUSE;43.6;1.44;21/07/2026;07:00;25.5;0;SOLEIL;3;14.0;0
TOULOUSE;43.6;1.44;21/07/2026;08:00;26.9;0;SOLEIL;3;15.8;0
TOULOUSE;43.6;1.44;21/07/2026;09:00;28.5;0;SOLEIL;3;19.1;0
TOULOUSE;43.6;1.44;21/07/2026;10:00;30.2;0;SOLEIL;3;20.2;0
TOULOUSE;43.6;1.44;21/07/2026;11:00;31.1;0;SOLEIL;3;20.9;0
TOULOUSE;43.6;1.44;21/07/2026;12:00;31.7;0;SOLEIL;4;22.3;0
TOULOUSE;43.6;1.44;21/07/2026;13:00;32.5;0;SOLEIL;4;24.1;0
TOULOUSE;43.6;1.44;21/07/2026;14:00;33.2;0;SOLEIL;4;23.4;0
TOULOUSE;43.6;1.44;21/07/2026;15:00;34.4;0;SOLEIL;4;23.4;0
TOULOUSE;43.6;1.44;21/07/2026;16:00;34.1;0;SOLEIL;4;24.5;0
TOULOUSE;43.6;1.44;21/07/2026;17:00;33.4;0;SOLEIL;4;25.2;0
TOULOUSE;43.6;1.44;21/07/2026;18:00;33;0;SOLEIL;4;25.2;0
TOULOUSE;43.6;1.44;21/07/2026;19:00;32.1;0;SOLEIL;4;24.5;0
TOULOUSE;43.6;1.44;21/07/2026;20:00;30.7;0;SOLEIL;3;24.5;0
TOULOUSE;43.6;1.44;21/07/2026;21:00;28.9;0;SOLEIL;3;23.4;0
TOULOUSE;43.6;1.44;21/07/2026;22:00;27;0;SOLEIL;3;20.5;0
TOULOUSE;43.6;1.44;21/07/2026;23:00;26.2;0;SOLEIL;3;18.0;0
AURILLAC;44.92;2.44;21/07/2026;00:00;20.1;0;SOLEIL;1;15.5;0
AURILLAC;44.92;2.44;21/07/2026;01:00;19;0;SOLEIL;1;13.7;0
AURILLAC;44.92;2.44;21/07/2026;02:00;18.6;0;SOLEIL;1;12.2;0
AURILLAC;44.92;2.44;21/07/2026;03:00;18.4;0;SOLEIL;1;12.2;0
AURILLAC;44.92;2.44;21/07/2026;04:00;19;0;SOLEIL;1;12.6;0
AURILLAC;44.92;2.44;21/07/2026;05:00;19;0;SOLEIL;0;12.2;0
AURILLAC;44.92;2.44;21/07/2026;06:00;19.9;0;SOLEIL;0;11.5;0
AURILLAC;44.92;2.44;21/07/2026;07:00;23.4;0;SOLEIL;2;9.7;0
AURILLAC;44.92;2.44;21/07/2026;08:00;25.1;0;SOLEIL;1;9.4;0
AURILLAC;44.92;2.44;21/07/2026;09:00;26.1;0;SOLEIL;2;10.4;0
AURILLAC;44.92;2.44;21/07/2026;10:00;28.1;0;SOLEIL;2;15.1;0
AURILLAC;44.92;2.44;21/07/2026;11:00;29.6;0;SOLEIL;2;13.7;0
AURILLAC;44.92;2.44;21/07/2026;12:00;30.6;0;SOLEIL;3;18.7;0
AURILLAC;44.92;2.44;21/07/2026;13:00;31.2;0;SOLEIL;4;22.3;0
AURILLAC;44.92;2.44;21/07/2026;14:00;31.2;0;SOLEIL;4;22.7;0
AURILLAC;44.92;2.44;21/07/2026;15:00;31.2;0;SOLEIL;4;21.2;0
AURILLAC;44.92;2.44;21/07/2026;16:00;31.2;0;SOLEIL;4;28.8;0
AURILLAC;44.92;2.44;21/07/2026;17:00;30.6;0;SOLEIL;4;27.7;0
AURILLAC;44.92;2.44;21/07/2026;18:00;28.2;0;SOLEIL;4;22.3;0
AURILLAC;44.92;2.44;21/07/2026;19:00;25.1;0;SOLEIL;3;26.6;0
AURILLAC;44.92;2.44;21/07/2026;20:00;23.2;0;SOLEIL;2;30.2;0
AURILLAC;44.92;2.44;21/07/2026;21:00;22.1;0;SOLEIL;2;29.5;0
AURILLAC;44.92;2.44;21/07/2026;22:00;19.7;0;SOLEIL;0;17.3;0
AURILLAC;44.92;2.44;21/07/2026;23:00;18.5;0;SOLEIL;0;8.6;0
GAP;44.55;6.07;21/07/2026;00:00;20.6;0;SOLEIL;1;5.8;0
GAP;44.55;6.07;21/07/2026;01:00;19.7;0;SOLEIL;1;13.0;0
GAP;44.55;6.07;21/07/2026;02:00;19.1;0;SOLEIL;1;3.2;0
GAP;44.55;6.07;21/07/2026;03:00;19.5;0;SOLEIL;1;4.7;0
GAP;44.55;6.07;21/07/2026;04:00;20;0;SOLEIL;2;4.3;0
GAP;44.55;6.07;21/07/2026;05:00;20.1;10;ORAGEUX;2;2.5;0.1
GAP;44.55;6.07;21/07/2026;06:00;20.1;0;SOLEIL;1;8.3;0
GAP;44.55;6.07;21/07/2026;07:00;22.4;0;SOLEIL;0;2.2;0
GAP;44.55;6.07;21/07/2026;08:00;24;0;SOLEIL;1;6.5;0
GAP;44.55;6.07;21/07/2026;09:00;27.2;0;SOLEIL;1;6.1;0
GAP;44.55;6.07;21/07/2026;10:00;29.9;0;SOLEIL;2;6.8;0
GAP;44.55;6.07;21/07/2026;11:00;30.1;0;SOLEIL;5;9.7;0
GAP;44.55;6.07;21/07/2026;12:00;31.9;0;SOLEIL;5;13.3;0
GAP;44.55;6.07;21/07/2026;13:00;32.1;0;SOLEIL;5;18.4;0
GAP;44.55;6.07;21/07/2026;14:00;31.4;0;SOLEIL;5;42.8;0
GAP;44.55;6.07;21/07/2026;15:00;31.1;0;SOLEIL;4;45.0;0
GAP;44.55;6.07;21/07/2026;16:00;30;0;SOLEIL;5;42.1;0
GAP;44.55;6.07;21/07/2026;17:00;28.2;0;SOLEIL;5;24.8;0
GAP;44.55;6.07;21/07/2026;18:00;25.4;0;SOLEIL;4;24.8;0
GAP;44.55;6.07;21/07/2026;19:00;23.2;0;SOLEIL;4;23.8;0
GAP;44.55;6.07;21/07/2026;20:00;21.7;0;SOLEIL;4;20.9;0
GAP;44.55;6.07;21/07/2026;21:00;19.6;0;SOLEIL;2;11.2;0
GAP;44.55;6.07;21/07/2026;22:00;19.1;0;SOLEIL;2;7.9;0
GAP;44.55;6.07;21/07/2026;23:00;18.1;0;SOLEIL;2;7.6;0
PERPIGNAN;42.69;2.89;21/07/2026;00:00;26.1;0;SOLEIL;2;5.0;0
PERPIGNAN;42.69;2.89;21/07/2026;01:00;24.9;0;SOLEIL;2;14.8;0
PERPIGNAN;42.69;2.89;21/07/2026;02:00;24.6;0;SOLEIL;3;8.0;0
PERPIGNAN;42.69;2.89;21/07/2026;03:00;24.4;0;SOLEIL;2;7.6;0
PERPIGNAN;42.69;2.89;21/07/2026;04:00;23.9;0;SOLEIL;2;4.7;0
PERPIGNAN;42.69;2.89;21/07/2026;05:00;24;0;SOLEIL;2;6.5;0
PERPIGNAN;42.69;2.89;21/07/2026;06:00;25.9;0;SOLEIL;2;10.1;0
PERPIGNAN;42.69;2.89;21/07/2026;07:00;28.7;0;SOLEIL;2;11.5;0
PERPIGNAN;42.69;2.89;21/07/2026;08:00;30.4;0;SOLEIL;2;13.7;0
PERPIGNAN;42.69;2.89;21/07/2026;09:00;32.1;0;SOLEIL;2;13.3;0
PERPIGNAN;42.69;2.89;21/07/2026;10:00;33.5;0;SOLEIL;2;17.3;0
PERPIGNAN;42.69;2.89;21/07/2026;11:00;33.2;0;SOLEIL;4;18.7;0
PERPIGNAN;42.69;2.89;21/07/2026;12:00;33.2;0;SOLEIL;4;18.4;0
PERPIGNAN;42.69;2.89;21/07/2026;13:00;33.7;0;SOLEIL;4;33.8;0
PERPIGNAN;42.69;2.89;21/07/2026;14:00;33.7;0;SOLEIL;3;31.0;0
PERPIGNAN;42.69;2.89;21/07/2026;15:00;34;0;SOLEIL;3;28.1;0
PERPIGNAN;42.69;2.89;21/07/2026;16:00;34.6;0;SOLEIL;3;26.6;0
PERPIGNAN;42.69;2.89;21/07/2026;17:00;35.1;0;SOLEIL;2;27.0;0
PERPIGNAN;42.69;2.89;21/07/2026;18:00;35;0;SOLEIL;5;24.5;0
PERPIGNAN;42.69;2.89;21/07/2026;19:00;33.1;0;SOLEIL;5;22.3;0
PERPIGNAN;42.69;2.89;21/07/2026;20:00;32.6;0;SOLEIL;4;23.0;0
PERPIGNAN;42.69;2.89;21/07/2026;21:00;31.1;0;SOLEIL;4;34.9;0
PERPIGNAN;42.69;2.89;21/07/2026;22:00;29.5;0;SOLEIL;4;30.6;0
PERPIGNAN;42.69;2.89;21/07/2026;23:00;28.9;0;SOLEIL;3;27.7;0
MONTPELLIER;43.61;3.87;21/07/2026;00:00;28.6;0;SOLEIL;3;11.9;0
MONTPELLIER;43.61;3.87;21/07/2026;01:00;27.2;0;SOLEIL;3;12.2;0
MONTPELLIER;43.61;3.87;21/07/2026;02:00;26.9;0;SOLEIL;3;13.0;0
MONTPELLIER;43.61;3.87;21/07/2026;03:00;26.7;0;SOLEIL;3;14.8;0
MONTPELLIER;43.61;3.87;21/07/2026;04:00;26;0;SOLEIL;3;14.8;0
MONTPELLIER;43.61;3.87;21/07/2026;05:00;25.5;0;SOLEIL;3;15.8;0
MONTPELLIER;43.61;3.87;21/07/2026;06:00;26.1;0;SOLEIL;3;19.4;0
MONTPELLIER;43.61;3.87;21/07/2026;07:00;27.4;0;SOLEIL;4;21.2;0
MONTPELLIER;43.61;3.87;21/07/2026;08:00;28.6;0;SOLEIL;4;23.4;0
MONTPELLIER;43.61;3.87;21/07/2026;09:00;30.1;0;SOLEIL;3;28.4;0
MONTPELLIER;43.61;3.87;21/07/2026;10:00;32.5;0;SOLEIL;2;31.0;0
MONTPELLIER;43.61;3.87;21/07/2026;11:00;34;0;SOLEIL;2;30.2;0
MONTPELLIER;43.61;3.87;21/07/2026;12:00;34.5;0;SOLEIL;2;27.4;0
MONTPELLIER;43.61;3.87;21/07/2026;13:00;35.6;0;SOLEIL;4;22.7;0
MONTPELLIER;43.61;3.87;21/07/2026;14:00;35.9;0;SOLEIL;4;19.1;0
MONTPELLIER;43.61;3.87;21/07/2026;15:00;35.1;0;SOLEIL;4;21.6;0
MONTPELLIER;43.61;3.87;21/07/2026;16:00;34.4;0;SOLEIL;4;15.5;0
MONTPELLIER;43.61;3.87;21/07/2026;17:00;33.1;0;SOLEIL;4;14.4;0
MONTPELLIER;43.61;3.87;21/07/2026;18:00;33;0;SOLEIL;3;17.3;0
MONTPELLIER;43.61;3.87;21/07/2026;19:00;31.6;0;SOLEIL;2;28.1;0
MONTPELLIER;43.61;3.87;21/07/2026;20:00;30.1;0;SOLEIL;4;34.2;0
MONTPELLIER;43.61;3.87;21/07/2026;21:00;28.9;0;SOLEIL;4;34.2;0
MONTPELLIER;43.61;3.87;21/07/2026;22:00;28.1;0;SOLEIL;4;31.3;0
MONTPELLIER;43.61;3.87;21/07/2026;23:00;27.1;0;SOLEIL;5;32.8;0
MARSEILLE;43.296;5.381;21/07/2026;00:00;28.1;0;SOLEIL;2;18.7;0
MARSEILLE;43.296;5.381;21/07/2026;01:00;27.9;0;SOLEIL;3;13.3;0
MARSEILLE;43.296;5.381;21/07/2026;02:00;27.4;0;SOLEIL;2;13.8;0
MARSEILLE;43.296;5.381;21/07/2026;03:00;26.9;0;SOLEIL;3;8.1;0
MARSEILLE;43.296;5.381;21/07/2026;04:00;26.7;0;SOLEIL;2;3.1;0
MARSEILLE;43.296;5.381;21/07/2026;05:00;26.6;0;SOLEIL;3;8.3;0
MARSEILLE;43.296;5.381;21/07/2026;06:00;27.1;0;SOLEIL;3;10.1;0
MARSEILLE;43.296;5.381;21/07/2026;07:00;30.6;0;SOLEIL;2;12.2;0
MARSEILLE;43.296;5.381;21/07/2026;08:00;30.2;0;SOLEIL;3;13.3;0
MARSEILLE;43.296;5.381;21/07/2026;09:00;32.9;0;SOLEIL;3;3.2;0
MARSEILLE;43.296;5.381;21/07/2026;10:00;32.1;0;SOLEIL;3;20.2;0
MARSEILLE;43.296;5.381;21/07/2026;11:00;31.9;0;SOLEIL;5;23.4;0
MARSEILLE;43.296;5.381;21/07/2026;12:00;33.5;0;SOLEIL;4;28.4;0
MARSEILLE;43.296;5.381;21/07/2026;13:00;33.6;0;SOLEIL;6;33.5;0
MARSEILLE;43.296;5.381;21/07/2026;14:00;34.7;0;SOLEIL;6;34.9;0
MARSEILLE;43.296;5.381;21/07/2026;15:00;34.6;0;SOLEIL;7;33.8;0
MARSEILLE;43.296;5.381;21/07/2026;16:00;35.6;0;SOLEIL;6;36.4;0
MARSEILLE;43.296;5.381;21/07/2026;17:00;35.5;0;SOLEIL;6;33.5;0
MARSEILLE;43.296;5.381;21/07/2026;18:00;35.1;0;SOLEIL;5;33.5;0
MARSEILLE;43.296;5.381;21/07/2026;19:00;32.6;0;SOLEIL;5;36.7;0
MARSEILLE;43.296;5.381;21/07/2026;20:00;30.9;0;SOLEIL;5;35.6;0
MARSEILLE;43.296;5.381;21/07/2026;21:00;30.4;0;SOLEIL;5;36.4;0
MARSEILLE;43.296;5.381;21/07/2026;22:00;29.9;0;SOLEIL;4;31.0;0
MARSEILLE;43.296;5.381;21/07/2026;23:00;28.6;0;SOLEIL;4;29.5;0
NICE;43.71;7.26;21/07/2026;00:00;25.7;0;SOLEIL;2;8.6;0
NICE;43.71;7.26;21/07/2026;01:00;25.6;0;SOLEIL;2;7.2;0
NICE;43.71;7.26;21/07/2026;02:00;25.2;0;SOLEIL;2;7.2;0
NICE;43.71;7.26;21/07/2026;03:00;24.7;0;SOLEIL;2;7.2;0
NICE;43.71;7.26;21/07/2026;04:00;24.9;0;SOLEIL;2;11.9;0
NICE;43.71;7.26;21/07/2026;05:00;25;0;SOLEIL;2;13.0;0
NICE;43.71;7.26;21/07/2026;06:00;26.4;0;SOLEIL;2;13.7;0
NICE;43.71;7.26;21/07/2026;07:00;28.5;0;SOLEIL;2;14.8;0
NICE;43.71;7.26;21/07/2026;08:00;28.5;0;SOLEIL;2;14.4;0
NICE;43.71;7.26;21/07/2026;09:00;28.2;0;SOLEIL;3;9.7;0
NICE;43.71;7.26;21/07/2026;10:00;28.7;0;SOLEIL;3;6.1;0
NICE;43.71;7.26;21/07/2026;11:00;29.1;0;SOLEIL;3;13.0;0
NICE;43.71;7.26;21/07/2026;12:00;29.5;0;SOLEIL;3;20.5;0
NICE;43.71;7.26;21/07/2026;13:00;29.1;0;SOLEIL;3;20.9;0
NICE;43.71;7.26;21/07/2026;14:00;28.7;0;SOLEIL;3;22.0;0
NICE;43.71;7.26;21/07/2026;15:00;29.2;0;SOLEIL;3;22.0;0
NICE;43.71;7.26;21/07/2026;16:00;28.2;0;SOLEIL;2;23.0;0
NICE;43.71;7.26;21/07/2026;17:00;28.6;0;SOLEIL;3;23.0;0
NICE;43.71;7.26;21/07/2026;18:00;28.6;0;SOLEIL;3;19.4;0
NICE;43.71;7.26;21/07/2026;19:00;27.6;0;SOLEIL;2;14.8;0
NICE;43.71;7.26;21/07/2026;20:00;26.9;0;SOLEIL;3;11.2;0
NICE;43.71;7.26;21/07/2026;21:00;26.7;0;SOLEIL;2;8.3;0
NICE;43.71;7.26;21/07/2026;22:00;26.4;0;SOLEIL;2;13.7;0
NICE;43.71;7.26;21/07/2026;23:00;26;0;SOLEIL;2;14.8;0
AJACCIO;41.92;8.73;21/07/2026;00:00;25.2;0;SOLEIL;1;8.6;0
AJACCIO;41.92;8.73;21/07/2026;01:00;24.6;5;SOLEIL VOILÉ;1;9.0;0
AJACCIO;41.92;8.73;21/07/2026;02:00;24.7;0;SOLEIL;2;10.8;0
AJACCIO;41.92;8.73;21/07/2026;03:00;25;0;SOLEIL;1;8.6;0
AJACCIO;41.92;8.73;21/07/2026;04:00;24.6;0;SOLEIL;2;9.0;0
AJACCIO;41.92;8.73;21/07/2026;05:00;24.6;0;SOLEIL;1;9.0;0
AJACCIO;41.92;8.73;21/07/2026;06:00;27.5;0;SOLEIL;1;12.6;0
AJACCIO;41.92;8.73;21/07/2026;07:00;30.6;0;SOLEIL;1;12.2;0
AJACCIO;41.92;8.73;21/07/2026;08:00;31.2;0;SOLEIL;2;10.8;0
AJACCIO;41.92;8.73;21/07/2026;09:00;33.1;0;SOLEIL;3;24.5;0
AJACCIO;41.92;8.73;21/07/2026;10:00;34.4;0;SOLEIL;4;15.1;0
AJACCIO;41.92;8.73;21/07/2026;11:00;34.4;0;SOLEIL;4;14.8;0
AJACCIO;41.92;8.73;21/07/2026;12:00;33.7;0;SOLEIL;5;19.4;0
AJACCIO;41.92;8.73;21/07/2026;13:00;34.7;0;SOLEIL;5;22.7;0
AJACCIO;41.92;8.73;21/07/2026;14:00;35.1;0;SOLEIL;4;41.0;0
AJACCIO;41.92;8.73;21/07/2026;15:00;34.9;0;SOLEIL;3;44.6;0
AJACCIO;41.92;8.73;21/07/2026;16:00;33;0;SOLEIL;3;38.2;0
AJACCIO;41.92;8.73;21/07/2026;17:00;32.4;0;SOLEIL;3;24.5;0
AJACCIO;41.92;8.73;21/07/2026;18:00;30.2;0;SOLEIL;3;22.7;0
AJACCIO;41.92;8.73;21/07/2026;19:00;29;0;SOLEIL;3;16.9;0
AJACCIO;41.92;8.73;21/07/2026;20:00;27.4;0;SOLEIL;3;10.8;0
AJACCIO;41.92;8.73;21/07/2026;21:00;26.1;0;SOLEIL;2;15.1;0
AJACCIO;41.92;8.73;21/07/2026;22:00;26.4;0;SOLEIL;1;9.7;0
AJACCIO;41.92;8.73;21/07/2026;23:00;25.9;0;SOLEIL;0;8.3;0
BASTIA;42.69;9.45;21/07/2026;00:00;27.4;0;SOLEIL;1;10.4;0
BASTIA;42.69;9.45;21/07/2026;01:00;26.9;0;SOLEIL;1;7.2;0
BASTIA;42.69;9.45;21/07/2026;02:00;28.1;0;SOLEIL;1;5.4;0
BASTIA;42.69;9.45;21/07/2026;03:00;27.9;0;SOLEIL;2;8.3;0
BASTIA;42.69;9.45;21/07/2026;04:00;27.4;0;SOLEIL;2;9.7;0
BASTIA;42.69;9.45;21/07/2026;05:00;27.9;0;SOLEIL;2;12.2;0
BASTIA;42.69;9.45;21/07/2026;06:00;27.4;0;SOLEIL;2;14.0;0
BASTIA;42.69;9.45;21/07/2026;07:00;31.7;0;SOLEIL;2;14.4;0
BASTIA;42.69;9.45;21/07/2026;08:00;32;0;SOLEIL;2;23.0;0
BASTIA;42.69;9.45;21/07/2026;09:00;32.5;0;SOLEIL;4;7.2;0
BASTIA;42.69;9.45;21/07/2026;10:00;32.9;0;SOLEIL;2;8.6;0
BASTIA;42.69;9.45;21/07/2026;11:00;32.6;0;SOLEIL;3;12.6;0
BASTIA;42.69;9.45;21/07/2026;12:00;32.6;0;SOLEIL;3;23.8;0
BASTIA;42.69;9.45;21/07/2026;13:00;32.7;0;SOLEIL;3;31.7;0
BASTIA;42.69;9.45;21/07/2026;14:00;33.4;0;SOLEIL;3;29.5;0
BASTIA;42.69;9.45;21/07/2026;15:00;32.9;0;SOLEIL;2;24.5;0
BASTIA;42.69;9.45;21/07/2026;16:00;31.7;0;SOLEIL;2;14.8;0
BASTIA;42.69;9.45;21/07/2026;17:00;31;0;SOLEIL;1;13.3;0
BASTIA;42.69;9.45;21/07/2026;18:00;29.9;0;SOLEIL;3;17.6;0
BASTIA;42.69;9.45;21/07/2026;19:00;29.6;0;SOLEIL;4;15.8;0
BASTIA;42.69;9.45;21/07/2026;20:00;28.9;0;SOLEIL;5;12.6;0
BASTIA;42.69;9.45;21/07/2026;21:00;28.1;0;SOLEIL;3;6.5;0
BASTIA;42.69;9.45;21/07/2026;22:00;28.1;0;SOLEIL;2;10.8;0
BASTIA;42.69;9.45;21/07/2026;23:00;27;0;SOLEIL;3;9.7;0
ALENÇON;48.43;0.09;21/07/2026;00:00;15.5;0;SOLEIL;4;30.2;0
ALENÇON;48.43;0.09;21/07/2026;01:00;14.6;0;SOLEIL;4;25.6;0
ALENÇON;48.43;0.09;21/07/2026;02:00;14.1;0;SOLEIL;4;20.5;0
ALENÇON;48.43;0.09;21/07/2026;03:00;13.2;0;SOLEIL;4;15.5;0
ALENÇON;48.43;0.09;21/07/2026;04:00;12.6;0;SOLEIL;4;13.0;0
ALENÇON;48.43;0.09;21/07/2026;05:00;12.6;0;SOLEIL;4;13.7;0
ALENÇON;48.43;0.09;21/07/2026;06:00;14.1;0;SOLEIL;5;16.2;0
ALENÇON;48.43;0.09;21/07/2026;07:00;15.6;0;SOLEIL;5;20.9;0
ALENÇON;48.43;0.09;21/07/2026;08:00;17.1;0;SOLEIL;6;27.4;0
ALENÇON;48.43;0.09;21/07/2026;09:00;19.1;0;SOLEIL;6;31.3;0
ALENÇON;48.43;0.09;21/07/2026;10:00;20.5;0;SOLEIL;6;35.3;0
ALENÇON;48.43;0.09;21/07/2026;11:00;23;0;SOLEIL;6;38.5;0
ALENÇON;48.43;0.09;21/07/2026;12:00;23.9;0;SOLEIL;6;40.0;0
ALENÇON;48.43;0.09;21/07/2026;13:00;24.6;0;SOLEIL;6;40.3;0
ALENÇON;48.43;0.09;21/07/2026;14:00;25.5;0;SOLEIL;6;40.0;0
ALENÇON;48.43;0.09;21/07/2026;15:00;25.6;0;SOLEIL;6;39.6;0
ALENÇON;48.43;0.09;21/07/2026;16:00;25.1;0;SOLEIL;6;38.2;0
ALENÇON;48.43;0.09;21/07/2026;17:00;25.1;0;SOLEIL;6;36.4;0
ALENÇON;48.43;0.09;21/07/2026;18:00;24.4;0;SOLEIL;6;37.4;0
ALENÇON;48.43;0.09;21/07/2026;19:00;23.4;0;SOLEIL;6;37.1;0
ALENÇON;48.43;0.09;21/07/2026;20:00;21;0;SOLEIL;5;37.4;0
ALENÇON;48.43;0.09;21/07/2026;21:00;19.4;0;SOLEIL;5;37.1;0
ALENÇON;48.43;0.09;21/07/2026;22:00;18;0;SOLEIL;4;35.3;0
ALENÇON;48.43;0.09;21/07/2026;23:00;17;0;SOLEIL;4;30.2;0
BOURG-ST-M.;45.62;6.77;21/07/2026;00:00;17.1;0;SOLEIL;1;11.5;0
BOURG-ST-M.;45.62;6.77;21/07/2026;01:00;15.7;0;SOLEIL;1;10.1;0
BOURG-ST-M.;45.62;6.77;21/07/2026;02:00;15.1;0;SOLEIL;1;10.1;0
BOURG-ST-M.;45.62;6.77;21/07/2026;03:00;14.7;0;SOLEIL;1;9.4;0
BOURG-ST-M.;45.62;6.77;21/07/2026;04:00;14.4;0;SOLEIL;1;9.4;0
BOURG-ST-M.;45.62;6.77;21/07/2026;05:00;14.2;0;SOLEIL;0;7.6;0
BOURG-ST-M.;45.62;6.77;21/07/2026;06:00;16.1;0;SOLEIL;0;7.2;0
BOURG-ST-M.;45.62;6.77;21/07/2026;07:00;18.4;0;SOLEIL;0;5.4;0
BOURG-ST-M.;45.62;6.77;21/07/2026;08:00;20.9;0;SOLEIL;1;2.9;0
BOURG-ST-M.;45.62;6.77;21/07/2026;09:00;23.1;0;SOLEIL;1;4.3;0
BOURG-ST-M.;45.62;6.77;21/07/2026;10:00;25.6;0;SOLEIL;2;3.6;0
BOURG-ST-M.;45.62;6.77;21/07/2026;11:00;26.7;0;SOLEIL;3;6.5;0
BOURG-ST-M.;45.62;6.77;21/07/2026;12:00;26.6;0;SOLEIL;3;23.8;0
BOURG-ST-M.;45.62;6.77;21/07/2026;13:00;28.1;0;SOLEIL;3;38.2;0
BOURG-ST-M.;45.62;6.77;21/07/2026;14:00;27.7;0;SOLEIL;2;40.7;0
BOURG-ST-M.;45.62;6.77;21/07/2026;15:00;27.9;0;SOLEIL;2;41.0;0
BOURG-ST-M.;45.62;6.77;21/07/2026;16:00;27;0;SOLEIL;2;36.4;0
BOURG-ST-M.;45.62;6.77;21/07/2026;17:00;25.7;0;SOLEIL;2;25.2;0
BOURG-ST-M.;45.62;6.77;21/07/2026;18:00;24.1;0;SOLEIL;2;23.8;0
BOURG-ST-M.;45.62;6.77;21/07/2026;19:00;21.2;0;SOLEIL;0;17.6;0
BOURG-ST-M.;45.62;6.77;21/07/2026;20:00;20;0;SOLEIL;1;19.8;0
BOURG-ST-M.;45.62;6.77;21/07/2026;21:00;18.6;0;SOLEIL;1;19.1;0
BOURG-ST-M.;45.62;6.77;21/07/2026;22:00;16.9;0;SOLEIL;0;5.0;0
BOURG-ST-M.;45.62;6.77;21/07/2026;23:00;16;0;SOLEIL;1;5.4;0
AGEN;44.2;0.61;21/07/2026;00:00;23.6;0;SOLEIL;2;17.3;0
AGEN;44.2;0.61;21/07/2026;01:00;22.6;0;SOLEIL;3;15.8;0
AGEN;44.2;0.61;21/07/2026;02:00;20.7;0;SOLEIL;3;10.8;0
AGEN;44.2;0.61;21/07/2026;03:00;18.7;0;SOLEIL;3;12.2;0
AGEN;44.2;0.61;21/07/2026;04:00;18.5;0;SOLEIL;3;12.2;0
AGEN;44.2;0.61;21/07/2026;05:00;18.6;0;SOLEIL;3;11.9;0
AGEN;44.2;0.61;21/07/2026;06:00;20.1;0;SOLEIL;2;12.6;0
AGEN;44.2;0.61;21/07/2026;07:00;21.9;0;SOLEIL;3;14.0;0
AGEN;44.2;0.61;21/07/2026;08:00;24.6;0;SOLEIL;3;15.1;0
AGEN;44.2;0.61;21/07/2026;09:00;26.5;0;SOLEIL;3;19.4;0
AGEN;44.2;0.61;21/07/2026;10:00;27.6;0;SOLEIL;4;23.4;0
AGEN;44.2;0.61;21/07/2026;11:00;29.6;0;SOLEIL;4;24.5;0
AGEN;44.2;0.61;21/07/2026;12:00;31.2;0;SOLEIL;4;24.8;0
AGEN;44.2;0.61;21/07/2026;13:00;32.1;0;SOLEIL;4;24.8;0
AGEN;44.2;0.61;21/07/2026;14:00;33.1;0;SOLEIL;4;24.8;0
AGEN;44.2;0.61;21/07/2026;15:00;34.1;0;SOLEIL;4;25.9;0
AGEN;44.2;0.61;21/07/2026;16:00;34.1;0;SOLEIL;5;27.0;0
AGEN;44.2;0.61;21/07/2026;17:00;33.6;0;SOLEIL;5;27.7;0
AGEN;44.2;0.61;21/07/2026;18:00;32.4;0;SOLEIL;4;29.5;0
AGEN;44.2;0.61;21/07/2026;19:00;30.4;0;SOLEIL;4;28.4;0
AGEN;44.2;0.61;21/07/2026;20:00;28.5;0;SOLEIL;4;31.3;0
AGEN;44.2;0.61;21/07/2026;21:00;25.6;0;SOLEIL;4;26.3;0
AGEN;44.2;0.61;21/07/2026;22:00;24.7;0;SOLEIL;5;27.0;0
AGEN;44.2;0.61;21/07/2026;23:00;23.9;0;SOLEIL;3;29.2;0
LAON;49.56;3.62;21/07/2026;00:00;13.1;0;SOLEIL;3;29.5;0
LAON;49.56;3.62;21/07/2026;01:00;12.6;0;SOLEIL;2;24.8;0
LAON;49.56;3.62;21/07/2026;02:00;11.9;0;SOLEIL;2;19.4;0
LAON;49.56;3.62;21/07/2026;03:00;11.1;0;SOLEIL;2;16.9;0
LAON;49.56;3.62;21/07/2026;04:00;10.6;0;SOLEIL;2;15.1;0
LAON;49.56;3.62;21/07/2026;05:00;11.5;0;SOLEIL;2;15.1;0
LAON;49.56;3.62;21/07/2026;06:00;12.9;0;SOLEIL;2;14.4;0
LAON;49.56;3.62;21/07/2026;07:00;15.1;0;SOLEIL;2;16.9;0
LAON;49.56;3.62;21/07/2026;08:00;17;0;SOLEIL;3;18.0;0
LAON;49.56;3.62;21/07/2026;09:00;19.2;0;SOLEIL;3;18.7;0
LAON;49.56;3.62;21/07/2026;10:00;20.6;0;SOLEIL;4;20.5;0
LAON;49.56;3.62;21/07/2026;11:00;21.5;0;SOLEIL;4;27.0;0
LAON;49.56;3.62;21/07/2026;12:00;22.1;0;SOLEIL;4;29.2;0
LAON;49.56;3.62;21/07/2026;13:00;22.9;0;SOLEIL;4;29.2;0
LAON;49.56;3.62;21/07/2026;14:00;24;0;SOLEIL;4;30.2;0
LAON;49.56;3.62;21/07/2026;15:00;24.1;0;SOLEIL;4;32.8;0
LAON;49.56;3.62;21/07/2026;16:00;23.7;0;SOLEIL;5;33.5;0
LAON;49.56;3.62;21/07/2026;17:00;23.4;0;SOLEIL;4;33.8;0
LAON;49.56;3.62;21/07/2026;18:00;22.4;0;SOLEIL;4;33.5;0
LAON;49.56;3.62;21/07/2026;19:00;21.5;0;SOLEIL;4;31.0;0
LAON;49.56;3.62;21/07/2026;20:00;19.4;0;SOLEIL;4;28.8;0
LAON;49.56;3.62;21/07/2026;21:00;18.1;0;SOLEIL;4;26.3;0
LAON;49.56;3.62;21/07/2026;22:00;16;0;SOLEIL;3;34.6;0
LAON;49.56;3.62;21/07/2026;23:00;14.5;0;SOLEIL;3;34.9;0
CAEN;49.18;-0.37;21/07/2026;00:00;17.1;0;SOLEIL;3;27.0;0
CAEN;49.18;-0.37;21/07/2026;01:00;16.6;0;SOLEIL;3;22.3;0
CAEN;49.18;-0.37;21/07/2026;02:00;16.7;0;SOLEIL;3;17.6;0
CAEN;49.18;-0.37;21/07/2026;03:00;16;0;SOLEIL;3;15.5;0
CAEN;49.18;-0.37;21/07/2026;04:00;15.6;0;SOLEIL;3;13.3;0
CAEN;49.18;-0.37;21/07/2026;05:00;15.2;0;SOLEIL;3;10.8;0
CAEN;49.18;-0.37;21/07/2026;06:00;16.6;0;SOLEIL;3;10.1;0
CAEN;49.18;-0.37;21/07/2026;07:00;17.7;2;NUAGEUX;4;9.0;0
CAEN;49.18;-0.37;21/07/2026;08:00;18.9;2;NUAGEUX;4;11.5;0
CAEN;49.18;-0.37;21/07/2026;09:00;19.6;2;NUAGEUX;5;15.8;0
CAEN;49.18;-0.37;21/07/2026;10:00;20;2;NUAGEUX;5;21.6;0
CAEN;49.18;-0.37;21/07/2026;11:00;20.5;2;NUAGEUX;5;32.4;0
CAEN;49.18;-0.37;21/07/2026;12:00;20.7;2;NUAGEUX;5;35.3;0
CAEN;49.18;-0.37;21/07/2026;13:00;20.4;2;NUAGEUX;6;37.8;0
CAEN;49.18;-0.37;21/07/2026;14:00;20.9;0;SOLEIL;6;37.1;0
CAEN;49.18;-0.37;21/07/2026;15:00;21.2;0;SOLEIL;6;36.0;0
CAEN;49.18;-0.37;21/07/2026;16:00;21;0;SOLEIL;6;38.5;0
CAEN;49.18;-0.37;21/07/2026;17:00;20.7;0;SOLEIL;6;41.0;0
CAEN;49.18;-0.37;21/07/2026;18:00;20.5;0;SOLEIL;5;40.7;0
CAEN;49.18;-0.37;21/07/2026;19:00;19.6;0;SOLEIL;4;37.4;0
CAEN;49.18;-0.37;21/07/2026;20:00;18.1;0;SOLEIL;4;33.5;0
CAEN;49.18;-0.37;21/07/2026;21:00;17.9;0;SOLEIL;3;29.5;0
CAEN;49.18;-0.37;21/07/2026;22:00;17.2;0;SOLEIL;3;25.9;0
CAEN;49.18;-0.37;21/07/2026;23:00;17;0;SOLEIL;3;20.9;0
POITIERS;46.58;0.34;21/07/2026;00:00;17.7;0;SOLEIL;5;29.9;0
POITIERS;46.58;0.34;21/07/2026;01:00;17.4;0;SOLEIL;4;28.4;0
POITIERS;46.58;0.34;21/07/2026;02:00;15.9;0;SOLEIL;4;26.6;0
POITIERS;46.58;0.34;21/07/2026;03:00;15.7;0;SOLEIL;4;25.2;0
POITIERS;46.58;0.34;21/07/2026;04:00;14.6;0;SOLEIL;4;25.6;0
POITIERS;46.58;0.34;21/07/2026;05:00;14.4;0;SOLEIL;4;26.3;0
POITIERS;46.58;0.34;21/07/2026;06:00;16.1;0;SOLEIL;5;28.4;0
POITIERS;46.58;0.34;21/07/2026;07:00;18.1;0;SOLEIL;5;29.5;0
POITIERS;46.58;0.34;21/07/2026;08:00;20.1;0;SOLEIL;5;29.5;0
POITIERS;46.58;0.34;21/07/2026;09:00;22.6;0;SOLEIL;6;31.0;0
POITIERS;46.58;0.34;21/07/2026;10:00;23.4;0;SOLEIL;6;33.8;0
POITIERS;46.58;0.34;21/07/2026;11:00;24.9;0;SOLEIL;6;36.4;0
POITIERS;46.58;0.34;21/07/2026;12:00;26.1;0;SOLEIL;6;40.0;0
POITIERS;46.58;0.34;21/07/2026;13:00;26.9;0;SOLEIL;6;41.8;0
POITIERS;46.58;0.34;21/07/2026;14:00;27.7;0;SOLEIL;6;42.5;0
POITIERS;46.58;0.34;21/07/2026;15:00;28.4;0;SOLEIL;6;42.1;0
POITIERS;46.58;0.34;21/07/2026;16:00;27.6;0;SOLEIL;6;42.1;0
POITIERS;46.58;0.34;21/07/2026;17:00;27.6;0;SOLEIL;6;41.4;0
POITIERS;46.58;0.34;21/07/2026;18:00;27.5;0;SOLEIL;5;42.5;0
POITIERS;46.58;0.34;21/07/2026;19:00;25.5;0;SOLEIL;5;42.5;0
POITIERS;46.58;0.34;21/07/2026;20:00;23;0;SOLEIL;4;37.4;0
POITIERS;46.58;0.34;21/07/2026;21:00;21.7;0;SOLEIL;4;34.9;0
POITIERS;46.58;0.34;21/07/2026;22:00;20.5;0;SOLEIL;3;30.2;0
POITIERS;46.58;0.34;21/07/2026;23:00;18.9;0;SOLEIL;3;24.1;0
BESANÇON;47.23;6.02;21/07/2026;00:00;16.1;0;SOLEIL;4;19.8;0
BESANÇON;47.23;6.02;21/07/2026;01:00;15.5;0;SOLEIL;4;14.8;0
BESANÇON;47.23;6.02;21/07/2026;02:00;14.4;0;SOLEIL;4;15.1;0
BESANÇON;47.23;6.02;21/07/2026;03:00;13.6;0;SOLEIL;4;14.8;0
BESANÇON;47.23;6.02;21/07/2026;04:00;13.5;5;SOLEIL VOILÉ;4;15.5;0
BESANÇON;47.23;6.02;21/07/2026;05:00;14;5;SOLEIL VOILÉ;4;17.6;0
BESANÇON;47.23;6.02;21/07/2026;06:00;15.9;5;SOLEIL VOILÉ;5;18.7;0
BESANÇON;47.23;6.02;21/07/2026;07:00;18.6;5;SOLEIL VOILÉ;5;18.0;0
BESANÇON;47.23;6.02;21/07/2026;08:00;20.5;5;SOLEIL VOILÉ;5;20.9;0
BESANÇON;47.23;6.02;21/07/2026;09:00;22.1;0;SOLEIL;5;30.2;0
BESANÇON;47.23;6.02;21/07/2026;10:00;23.1;0;SOLEIL;5;34.2;0
BESANÇON;47.23;6.02;21/07/2026;11:00;24.1;0;SOLEIL;4;35.6;0
BESANÇON;47.23;6.02;21/07/2026;12:00;25.1;0;SOLEIL;4;36.0;0
BESANÇON;47.23;6.02;21/07/2026;13:00;26.2;0;SOLEIL;4;36.4;0
BESANÇON;47.23;6.02;21/07/2026;14:00;27;0;SOLEIL;4;33.8;0
BESANÇON;47.23;6.02;21/07/2026;15:00;27.1;0;SOLEIL;3;31.7;0
BESANÇON;47.23;6.02;21/07/2026;16:00;27;0;SOLEIL;4;27.0;0
BESANÇON;47.23;6.02;21/07/2026;17:00;26.6;0;SOLEIL;4;33.5;0
BESANÇON;47.23;6.02;21/07/2026;18:00;25.9;0;SOLEIL;5;40.0;0
BESANÇON;47.23;6.02;21/07/2026;19:00;23.6;0;SOLEIL;4;39.6;0
BESANÇON;47.23;6.02;21/07/2026;20:00;20.6;0;SOLEIL;3;40.0;0
BESANÇON;47.23;6.02;21/07/2026;21:00;19.1;0;SOLEIL;3;35.6;0
BESANÇON;47.23;6.02;21/07/2026;22:00;18.2;0;SOLEIL;3;32.8;0
BESANÇON;47.23;6.02;21/07/2026;23:00;17.2;0;SOLEIL;3;21.6;0
DIJON;47.32;5.04;21/07/2026;00:00;15.6;0;SOLEIL;4;23.4;0
DIJON;47.32;5.04;21/07/2026;01:00;16.1;0;SOLEIL;4;24.1;0
DIJON;47.32;5.04;21/07/2026;02:00;15.5;5;SOLEIL VOILÉ;4;25.6;0
DIJON;47.32;5.04;21/07/2026;03:00;14.2;5;SOLEIL VOILÉ;4;25.2;0
DIJON;47.32;5.04;21/07/2026;04:00;13.9;5;SOLEIL VOILÉ;4;24.5;0
DIJON;47.32;5.04;21/07/2026;05:00;13.9;5;SOLEIL VOILÉ;4;23.4;0
DIJON;47.32;5.04;21/07/2026;06:00;16.9;0;SOLEIL;5;20.5;0
DIJON;47.32;5.04;21/07/2026;07:00;18.6;0;SOLEIL;5;23.0;0
DIJON;47.32;5.04;21/07/2026;08:00;20.4;0;SOLEIL;5;25.2;0
DIJON;47.32;5.04;21/07/2026;09:00;22.1;0;SOLEIL;5;28.1;0
DIJON;47.32;5.04;21/07/2026;10:00;23.2;0;SOLEIL;5;29.2;0
DIJON;47.32;5.04;21/07/2026;11:00;24.1;0;SOLEIL;5;33.8;0
DIJON;47.32;5.04;21/07/2026;12:00;25;0;SOLEIL;5;34.9;0
DIJON;47.32;5.04;21/07/2026;13:00;25.2;0;SOLEIL;5;34.6;0
DIJON;47.32;5.04;21/07/2026;14:00;25.6;0;SOLEIL;5;37.1;0
DIJON;47.32;5.04;21/07/2026;15:00;26.2;0;SOLEIL;5;36.7;0
DIJON;47.32;5.04;21/07/2026;16:00;26;0;SOLEIL;5;43.2;0
DIJON;47.32;5.04;21/07/2026;17:00;25.9;0;SOLEIL;5;45.4;0
DIJON;47.32;5.04;21/07/2026;18:00;24.9;0;SOLEIL;5;42.1;0
DIJON;47.32;5.04;21/07/2026;19:00;23.6;0;SOLEIL;4;38.9;0
DIJON;47.32;5.04;21/07/2026;20:00;21.4;0;SOLEIL;3;33.5;0
DIJON;47.32;5.04;21/07/2026;21:00;19;0;SOLEIL;3;35.3;0
DIJON;47.32;5.04;21/07/2026;22:00;18.1;0;SOLEIL;3;24.8;0
DIJON;47.32;5.04;21/07/2026;23:00;17.1;0;SOLEIL;3;18.7;0
GRENOBLE;45.18;5.72;21/07/2026;00:00;23.2;0;SOLEIL;2;18.0;0
GRENOBLE;45.18;5.72;21/07/2026;01:00;22.5;0;SOLEIL;2;13.7;0
GRENOBLE;45.18;5.72;21/07/2026;02:00;21.5;0;SOLEIL;2;9.7;0
GRENOBLE;45.18;5.72;21/07/2026;03:00;20.1;0;SOLEIL;2;9.0;0
GRENOBLE;45.18;5.72;21/07/2026;04:00;19.6;0;SOLEIL;2;11.2;0
GRENOBLE;45.18;5.72;21/07/2026;05:00;19.2;0;SOLEIL;2;11.2;0
GRENOBLE;45.18;5.72;21/07/2026;06:00;21.2;0;SOLEIL;1;7.9;0
GRENOBLE;45.18;5.72;21/07/2026;07:00;22.7;0;SOLEIL;2;7.9;0
GRENOBLE;45.18;5.72;21/07/2026;08:00;23.1;0;SOLEIL;2;10.8;0
GRENOBLE;45.18;5.72;21/07/2026;09:00;25.5;0;SOLEIL;3;10.8;0
GRENOBLE;45.18;5.72;21/07/2026;10:00;26.6;0;SOLEIL;4;10.4;0
GRENOBLE;45.18;5.72;21/07/2026;11:00;27.1;0;SOLEIL;5;15.8;0
GRENOBLE;45.18;5.72;21/07/2026;12:00;28.2;0;SOLEIL;5;21.6;0
GRENOBLE;45.18;5.72;21/07/2026;13:00;28.7;0;SOLEIL;5;34.9;0
GRENOBLE;45.18;5.72;21/07/2026;14:00;29.4;0;SOLEIL;6;43.6;0
GRENOBLE;45.18;5.72;21/07/2026;15:00;30;0;SOLEIL;5;52.6;0
GRENOBLE;45.18;5.72;21/07/2026;16:00;30.1;0;SOLEIL;5;53.6;0
GRENOBLE;45.18;5.72;21/07/2026;17:00;29.7;0;SOLEIL;5;52.6;0
GRENOBLE;45.18;5.72;21/07/2026;18:00;28.4;0;SOLEIL;4;52.2;0
GRENOBLE;45.18;5.72;21/07/2026;19:00;25.9;0;SOLEIL;4;52.2;0
GRENOBLE;45.18;5.72;21/07/2026;20:00;24.6;0;SOLEIL;4;49.0;0
GRENOBLE;45.18;5.72;21/07/2026;21:00;23.6;0;SOLEIL;4;44.6;0
GRENOBLE;45.18;5.72;21/07/2026;22:00;22.6;0;SOLEIL;4;39.6;0
GRENOBLE;45.18;5.72;21/07/2026;23:00;22.1;0;SOLEIL;4;30.2;0
CLERMONT-FERRAND;45.78;3.08;21/07/2026;00:00;17.6;0;SOLEIL;3;31.3;0
CLERMONT-FERRAND;45.78;3.08;21/07/2026;01:00;16.5;0;SOLEIL;3;26.6;0
CLERMONT-FERRAND;45.78;3.08;21/07/2026;02:00;15.1;0;SOLEIL;3;24.5;0
CLERMONT-FERRAND;45.78;3.08;21/07/2026;03:00;14.4;0;SOLEIL;3;20.9;0
CLERMONT-FERRAND;45.78;3.08;21/07/2026;04:00;14.1;0;SOLEIL;2;19.4;0
CLERMONT-FERRAND;45.78;3.08;21/07/2026;05:00;14.1;0;SOLEIL;2;17.3;0
CLERMONT-FERRAND;45.78;3.08;21/07/2026;06:00;16.4;0;SOLEIL;2;14.8;0
CLERMONT-FERRAND;45.78;3.08;21/07/2026;07:00;18.6;0;SOLEIL;2;13.3;0
CLERMONT-FERRAND;45.78;3.08;21/07/2026;08:00;20.4;0;SOLEIL;2;16.2;0
CLERMONT-FERRAND;45.78;3.08;21/07/2026;09:00;21.7;0;SOLEIL;3;19.4;0
CLERMONT-FERRAND;45.78;3.08;21/07/2026;10:00;22.4;0;SOLEIL;3;21.2;0
CLERMONT-FERRAND;45.78;3.08;21/07/2026;11:00;24;0;SOLEIL;4;22.7;0
CLERMONT-FERRAND;45.78;3.08;21/07/2026;12:00;25.6;0;SOLEIL;4;28.1;0
CLERMONT-FERRAND;45.78;3.08;21/07/2026;13:00;26.2;0;SOLEIL;4;30.2;0
CLERMONT-FERRAND;45.78;3.08;21/07/2026;14:00;27.1;0;SOLEIL;4;32.0;0
CLERMONT-FERRAND;45.78;3.08;21/07/2026;15:00;27.9;0;SOLEIL;4;31.7;0
CLERMONT-FERRAND;45.78;3.08;21/07/2026;16:00;28.1;0;SOLEIL;4;32.4;0
CLERMONT-FERRAND;45.78;3.08;21/07/2026;17:00;27.6;0;SOLEIL;4;35.6;0
CLERMONT-FERRAND;45.78;3.08;21/07/2026;18:00;26.1;0;SOLEIL;4;30.6;0
CLERMONT-FERRAND;45.78;3.08;21/07/2026;19:00;23.7;0;SOLEIL;4;38.2;0
CLERMONT-FERRAND;45.78;3.08;21/07/2026;20:00;22.5;0;SOLEIL;3;37.4;0
CLERMONT-FERRAND;45.78;3.08;21/07/2026;21:00;21.4;0;SOLEIL;3;34.2;0
CLERMONT-FERRAND;45.78;3.08;21/07/2026;22:00;20;0;SOLEIL;3;29.5;0
CLERMONT-FERRAND;45.78;3.08;21/07/2026;23:00;18.1;0;SOLEIL;3;28.8;0
VALENCE;44.93;4.89;21/07/2026;00:00;23.4;0;SOLEIL;4;25.2;0
VALENCE;44.93;4.89;21/07/2026;01:00;21.6;0;SOLEIL;5;21.2;0
VALENCE;44.93;4.89;21/07/2026;02:00;21.2;0;SOLEIL;5;24.8;0
VALENCE;44.93;4.89;21/07/2026;03:00;20.4;0;SOLEIL;5;28.1;0
VALENCE;44.93;4.89;21/07/2026;04:00;19.1;0;SOLEIL;5;29.5;0
VALENCE;44.93;4.89;21/07/2026;05:00;19.1;0;SOLEIL;5;29.2;0
VALENCE;44.93;4.89;21/07/2026;06:00;20.1;0;SOLEIL;6;29.5;0
VALENCE;44.93;4.89;21/07/2026;07:00;21.5;0;SOLEIL;6;29.5;0
VALENCE;44.93;4.89;21/07/2026;08:00;22.7;0;SOLEIL;6;31.3;0
VALENCE;44.93;4.89;21/07/2026;09:00;24.6;0;SOLEIL;6;39.6;0
VALENCE;44.93;4.89;21/07/2026;10:00;26;0;SOLEIL;6;46.1;0
VALENCE;44.93;4.89;21/07/2026;11:00;27.5;0;SOLEIL;7;49.7;0
VALENCE;44.93;4.89;21/07/2026;12:00;28.6;0;SOLEIL;7;50.0;0
VALENCE;44.93;4.89;21/07/2026;13:00;29.5;0;SOLEIL;7;52.6;0
VALENCE;44.93;4.89;21/07/2026;14:00;30.1;0;SOLEIL;7;52.6;0
VALENCE;44.93;4.89;21/07/2026;15:00;30.1;0;SOLEIL;7;52.9;0
VALENCE;44.93;4.89;21/07/2026;16:00;29.9;0;SOLEIL;7;52.2;0
VALENCE;44.93;4.89;21/07/2026;17:00;29.1;0;SOLEIL;7;51.1;0
VALENCE;44.93;4.89;21/07/2026;18:00;28.5;0;SOLEIL;7;51.5;0
VALENCE;44.93;4.89;21/07/2026;19:00;26.9;0;SOLEIL;7;51.5;0
VALENCE;44.93;4.89;21/07/2026;20:00;25.1;0;SOLEIL;6;49.0;0
VALENCE;44.93;4.89;21/07/2026;21:00;24.1;0;SOLEIL;5;41.8;0
VALENCE;44.93;4.89;21/07/2026;22:00;23.9;0;SOLEIL;4;37.4;0
VALENCE;44.93;4.89;21/07/2026;23:00;22.9;0;SOLEIL;4;34.9;0
Gorges du Tarn Causses;44.318;3.447;21/07/2026;00:00;19.2;0;SOLEIL;2;12.6;0
Gorges du Tarn Causses;44.318;3.447;21/07/2026;01:00;18.5;10;ORAGEUX;2;3.2;0.1
Gorges du Tarn Causses;44.318;3.447;21/07/2026;02:00;18.9;0;SOLEIL;2;16.2;0
Gorges du Tarn Causses;44.318;3.447;21/07/2026;03:00;17.2;0;SOLEIL;0;10.4;0
Gorges du Tarn Causses;44.318;3.447;21/07/2026;04:00;17.4;0;SOLEIL;1;10.8;0
Gorges du Tarn Causses;44.318;3.447;21/07/2026;05:00;16.7;0;SOLEIL;1;9.7;0
Gorges du Tarn Causses;44.318;3.447;21/07/2026;06:00;18.1;0;SOLEIL;1;7.6;0
Gorges du Tarn Causses;44.318;3.447;21/07/2026;07:00;20.4;0;SOLEIL;2;9.4;0
Gorges du Tarn Causses;44.318;3.447;21/07/2026;08:00;22.5;0;SOLEIL;2;9.7;0
Gorges du Tarn Causses;44.318;3.447;21/07/2026;09:00;24.2;0;SOLEIL;2;11.5;0
Gorges du Tarn Causses;44.318;3.447;21/07/2026;10:00;25.9;0;SOLEIL;3;15.5;0
Gorges du Tarn Causses;44.318;3.447;21/07/2026;11:00;27.4;0;SOLEIL;3;18.7;0
Gorges du Tarn Causses;44.318;3.447;21/07/2026;12:00;29.1;0;SOLEIL;4;22.7;0
Gorges du Tarn Causses;44.318;3.447;21/07/2026;13:00;29.6;0;SOLEIL;5;29.5;0
Gorges du Tarn Causses;44.318;3.447;21/07/2026;14:00;30.1;0;SOLEIL;5;33.8;0
Gorges du Tarn Causses;44.318;3.447;21/07/2026;15:00;29.6;0;SOLEIL;5;38.5;0
Gorges du Tarn Causses;44.318;3.447;21/07/2026;16:00;29.1;0;SOLEIL;4;41.8;0
Gorges du Tarn Causses;44.318;3.447;21/07/2026;17:00;29.2;0;SOLEIL;5;44.6;0
Gorges du Tarn Causses;44.318;3.447;21/07/2026;18:00;27.2;0;SOLEIL;4;40.7;0
Gorges du Tarn Causses;44.318;3.447;21/07/2026;19:00;24.2;0;SOLEIL;3;39.2;0
Gorges du Tarn Causses;44.318;3.447;21/07/2026;20:00;21.7;0;SOLEIL;3;29.5;0
Gorges du Tarn Causses;44.318;3.447;21/07/2026;21:00;19.9;0;SOLEIL;2;32.8;0
Gorges du Tarn Causses;44.318;3.447;21/07/2026;22:00;17.9;0;SOLEIL;2;22.0;0
Gorges du Tarn Causses;44.318;3.447;21/07/2026;23:00;16.9;0;SOLEIL;2;22.0;0
Saint-Paul-de-Jarrat;42.913;1.636;21/07/2026;00:00;20.5;0;SOLEIL;1;8.3;0
Saint-Paul-de-Jarrat;42.913;1.636;21/07/2026;01:00;19.6;0;SOLEIL;1;4.0;0
Saint-Paul-de-Jarrat;42.913;1.636;21/07/2026;02:00;18.7;0;SOLEIL;1;4.9;0
Saint-Paul-de-Jarrat;42.913;1.636;21/07/2026;03:00;18.2;0;SOLEIL;1;6.3;0
Saint-Paul-de-Jarrat;42.913;1.636;21/07/2026;04:00;17.6;0;SOLEIL;1;7.6;0
Saint-Paul-de-Jarrat;42.913;1.636;21/07/2026;05:00;17.2;0;SOLEIL;1;7.6;0
Saint-Paul-de-Jarrat;42.913;1.636;21/07/2026;06:00;19.6;0;SOLEIL;0;9.7;0
Saint-Paul-de-Jarrat;42.913;1.636;21/07/2026;07:00;22.2;0;SOLEIL;1;9.4;0
Saint-Paul-de-Jarrat;42.913;1.636;21/07/2026;08:00;24.9;0;SOLEIL;2;5.8;0
Saint-Paul-de-Jarrat;42.913;1.636;21/07/2026;09:00;25.6;0;SOLEIL;2;0.4;0
Saint-Paul-de-Jarrat;42.913;1.636;21/07/2026;10:00;28;0;SOLEIL;3;15.5;0
Saint-Paul-de-Jarrat;42.913;1.636;21/07/2026;11:00;28.4;0;SOLEIL;3;22.3;0
Saint-Paul-de-Jarrat;42.913;1.636;21/07/2026;12:00;29.4;0;SOLEIL;3;26.3;0
Saint-Paul-de-Jarrat;42.913;1.636;21/07/2026;13:00;29.5;0;SOLEIL;3;27.4;0
Saint-Paul-de-Jarrat;42.913;1.636;21/07/2026;14:00;29.1;0;SOLEIL;3;28.1;0
Saint-Paul-de-Jarrat;42.913;1.636;21/07/2026;15:00;29.5;0;SOLEIL;3;29.2;0
Saint-Paul-de-Jarrat;42.913;1.636;21/07/2026;16:00;29.6;0;SOLEIL;3;30.2;0
Saint-Paul-de-Jarrat;42.913;1.636;21/07/2026;17:00;28.9;0;SOLEIL;3;30.6;0
Saint-Paul-de-Jarrat;42.913;1.636;21/07/2026;18:00;27.6;0;SOLEIL;2;31.0;0
Saint-Paul-de-Jarrat;42.913;1.636;21/07/2026;19:00;25.2;0;SOLEIL;2;30.6;0
Saint-Paul-de-Jarrat;42.913;1.636;21/07/2026;20:00;23.1;0;SOLEIL;2;28.1;0
Saint-Paul-de-Jarrat;42.913;1.636;21/07/2026;21:00;22;0;SOLEIL;1;23.4;0
Saint-Paul-de-Jarrat;42.913;1.636;21/07/2026;22:00;22.5;0;SOLEIL;1;17.3;0
Saint-Paul-de-Jarrat;42.913;1.636;21/07/2026;23:00;21.6;0;SOLEIL;1;15.5;0
Puylagarde;44.298;1.837;21/07/2026;00:00;21.1;0;SOLEIL;3;13.0;0
Puylagarde;44.298;1.837;21/07/2026;01:00;20;0;SOLEIL;3;14.0;0
Puylagarde;44.298;1.837;21/07/2026;02:00;19.7;0;SOLEIL;3;13.0;0
Puylagarde;44.298;1.837;21/07/2026;03:00;19.2;0;SOLEIL;3;11.9;0
Puylagarde;44.298;1.837;21/07/2026;04:00;19;0;SOLEIL;3;14.0;0
Puylagarde;44.298;1.837;21/07/2026;05:00;18.6;0;SOLEIL;2;10.1;0
Puylagarde;44.298;1.837;21/07/2026;06:00;21.1;0;SOLEIL;2;8.6;0
Puylagarde;44.298;1.837;21/07/2026;07:00;23.6;0;SOLEIL;3;10.1;0
Puylagarde;44.298;1.837;21/07/2026;08:00;25.5;0;SOLEIL;2;11.9;0
Puylagarde;44.298;1.837;21/07/2026;09:00;27.6;0;SOLEIL;3;15.8;0
Puylagarde;44.298;1.837;21/07/2026;10:00;29.1;0;SOLEIL;3;15.1;0
Puylagarde;44.298;1.837;21/07/2026;11:00;30.4;0;SOLEIL;3;15.5;0
Puylagarde;44.298;1.837;21/07/2026;12:00;32;0;SOLEIL;3;19.4;0
Puylagarde;44.298;1.837;21/07/2026;13:00;32.1;0;SOLEIL;4;21.2;0
Puylagarde;44.298;1.837;21/07/2026;14:00;32.2;0;SOLEIL;5;23.0;0
Puylagarde;44.298;1.837;21/07/2026;15:00;33;0;SOLEIL;5;26.6;0
Puylagarde;44.298;1.837;21/07/2026;16:00;32.7;0;SOLEIL;5;28.1;0
Puylagarde;44.298;1.837;21/07/2026;17:00;31.9;0;SOLEIL;5;29.2;0
Puylagarde;44.298;1.837;21/07/2026;18:00;31.2;0;SOLEIL;5;25.6;0
Puylagarde;44.298;1.837;21/07/2026;19:00;28.6;0;SOLEIL;4;34.9;0
Puylagarde;44.298;1.837;21/07/2026;20:00;25.4;0;SOLEIL;4;31.0;0
Puylagarde;44.298;1.837;21/07/2026;21:00;23.2;0;SOLEIL;4;29.9;0
Puylagarde;44.298;1.837;21/07/2026;22:00;22;0;SOLEIL;4;25.6;0
Puylagarde;44.298;1.837;21/07/2026;23:00;19.7;0;SOLEIL;4;24.5;0
Empuré;46.024;0.054;21/07/2026;00:00;18.6;0;SOLEIL;8;40.0;0
Empuré;46.024;0.054;21/07/2026;01:00;18.2;0;SOLEIL;8;39.2;0
Empuré;46.024;0.054;21/07/2026;02:00;17.7;0;SOLEIL;8;38.2;0
Empuré;46.024;0.054;21/07/2026;03:00;16.9;0;SOLEIL;8;40.0;0
Empuré;46.024;0.054;21/07/2026;04:00;16.6;0;SOLEIL;8;40.0;0
Empuré;46.024;0.054;21/07/2026;05:00;16.1;0;SOLEIL;8;37.1;0
Empuré;46.024;0.054;21/07/2026;06:00;18;0;SOLEIL;8;35.3;0
Empuré;46.024;0.054;21/07/2026;07:00;19.2;0;SOLEIL;8;35.3;0
Empuré;46.024;0.054;21/07/2026;08:00;21.1;0;SOLEIL;8;36.0;0
Empuré;46.024;0.054;21/07/2026;09:00;23.1;0;SOLEIL;8;36.4;0
Empuré;46.024;0.054;21/07/2026;10:00;24.9;0;SOLEIL;8;37.8;0
Empuré;46.024;0.054;21/07/2026;11:00;26;0;SOLEIL;8;38.5;0
Empuré;46.024;0.054;21/07/2026;12:00;27.6;0;SOLEIL;8;43.2;0
Empuré;46.024;0.054;21/07/2026;13:00;28.4;0;SOLEIL;8;45.0;0
Empuré;46.024;0.054;21/07/2026;14:00;29.1;0;SOLEIL;8;44.6;0
Empuré;46.024;0.054;21/07/2026;15:00;29.1;0;SOLEIL;8;44.3;0
Empuré;46.024;0.054;21/07/2026;16:00;29;0;SOLEIL;8;45.7;0
Empuré;46.024;0.054;21/07/2026;17:00;28.6;0;SOLEIL;7;45.4;0
Empuré;46.024;0.054;21/07/2026;18:00;28.1;0;SOLEIL;7;45.0;0
Empuré;46.024;0.054;21/07/2026;19:00;25.6;0;SOLEIL;6;44.3;0
Empuré;46.024;0.054;21/07/2026;20:00;22.9;0;SOLEIL;5;42.5;0
Empuré;46.024;0.054;21/07/2026;21:00;21.1;0;SOLEIL;5;34.6;0
Empuré;46.024;0.054;21/07/2026;22:00;20.1;0;SOLEIL;5;28.8;0
Empuré;46.024;0.054;21/07/2026;23:00;19.9;0;SOLEIL;5;25.6;0
Berné;47.994;-3.391;21/07/2026;00:00;14.6;0;SOLEIL;4;27.7;0
Berné;47.994;-3.391;21/07/2026;01:00;14.7;0;SOLEIL;5;30.6;0
Berné;47.994;-3.391;21/07/2026;02:00;14.6;0;SOLEIL;4;27.4;0
Berné;47.994;-3.391;21/07/2026;03:00;14.2;0;SOLEIL;4;21.2;0
Berné;47.994;-3.391;21/07/2026;04:00;14.1;0;SOLEIL;4;17.5;0
Berné;47.994;-3.391;21/07/2026;05:00;14;0;SOLEIL;4;19.4;0
Berné;47.994;-3.391;21/07/2026;06:00;15.9;0;SOLEIL;4;20.9;0
Berné;47.994;-3.391;21/07/2026;07:00;18.1;0;SOLEIL;5;24.1;0
Berné;47.994;-3.391;21/07/2026;08:00;21.4;0;SOLEIL;6;28.8;0
Berné;47.994;-3.391;21/07/2026;09:00;22.2;0;SOLEIL;6;33.8;0
Berné;47.994;-3.391;21/07/2026;10:00;23.6;0;SOLEIL;6;38.9;0
Berné;47.994;-3.391;21/07/2026;11:00;24.4;0;SOLEIL;7;42.8;0
Berné;47.994;-3.391;21/07/2026;12:00;24.6;0;SOLEIL;7;43.2;0
Berné;47.994;-3.391;21/07/2026;13:00;25.1;0;SOLEIL;7;42.5;0
Berné;47.994;-3.391;21/07/2026;14:00;25.1;0;SOLEIL;7;45.4;0
Berné;47.994;-3.391;21/07/2026;15:00;24.6;0;SOLEIL;7;47.9;0
Berné;47.994;-3.391;21/07/2026;16:00;24.2;0;SOLEIL;7;48.2;0
Berné;47.994;-3.391;21/07/2026;17:00;23.4;0;SOLEIL;6;48.2;0
Berné;47.994;-3.391;21/07/2026;18:00;22.6;0;SOLEIL;6;47.2;0
Berné;47.994;-3.391;21/07/2026;19:00;20.6;0;SOLEIL;5;45.4;0
Berné;47.994;-3.391;21/07/2026;20:00;18.1;0;SOLEIL;5;41.4;0
Berné;47.994;-3.391;21/07/2026;21:00;16.9;0;SOLEIL;4;38.5;0
Berné;47.994;-3.391;21/07/2026;22:00;15.6;0;SOLEIL;4;32.8;0
Berné;47.994;-3.391;21/07/2026;23:00;14.6;0;SOLEIL;4;28.4;0
Attray;48.219;2.11;21/07/2026;00:00;16.2;0;SOLEIL;5;23.4;0
Attray;48.219;2.11;21/07/2026;01:00;15.9;0;SOLEIL;5;24.5;0
Attray;48.219;2.11;21/07/2026;02:00;15.2;0;SOLEIL;5;29.5;0
Attray;48.219;2.11;21/07/2026;03:00;14.4;0;SOLEIL;5;30.2;0
Attray;48.219;2.11;21/07/2026;04:00;13.6;0;SOLEIL;5;29.2;0
Attray;48.219;2.11;21/07/2026;05:00;13.2;0;SOLEIL;5;24.1;0
Attray;48.219;2.11;21/07/2026;06:00;14.7;0;SOLEIL;5;25.2;0
Attray;48.219;2.11;21/07/2026;07:00;16.6;0;SOLEIL;5;25.2;0
Attray;48.219;2.11;21/07/2026;08:00;18.6;0;SOLEIL;5;29.5;0
Attray;48.219;2.11;21/07/2026;09:00;20.4;0;SOLEIL;5;33.8;0
Attray;48.219;2.11;21/07/2026;10:00;21.5;0;SOLEIL;6;34.6;0
Attray;48.219;2.11;21/07/2026;11:00;22.6;0;SOLEIL;6;34.9;0
Attray;48.219;2.11;21/07/2026;12:00;24.1;0;SOLEIL;6;33.5;0
Attray;48.219;2.11;21/07/2026;13:00;24.9;0;SOLEIL;6;30.2;0
Attray;48.219;2.11;21/07/2026;14:00;25.6;0;SOLEIL;6;30.2;0
Attray;48.219;2.11;21/07/2026;15:00;26.4;0;SOLEIL;6;31.3;0
Attray;48.219;2.11;21/07/2026;16:00;26.2;0;SOLEIL;6;29.9;0
Attray;48.219;2.11;21/07/2026;17:00;26;0;SOLEIL;6;29.9;0
Attray;48.219;2.11;21/07/2026;18:00;25.5;0;SOLEIL;6;29.5;0
Attray;48.219;2.11;21/07/2026;19:00;23.5;0;SOLEIL;5;33.1;0
Attray;48.219;2.11;21/07/2026;20:00;21;0;SOLEIL;4;37.4;0
Attray;48.219;2.11;21/07/2026;21:00;19.4;0;SOLEIL;3;31.7;0
Attray;48.219;2.11;21/07/2026;22:00;19.1;0;SOLEIL;4;26.6;0
Attray;48.219;2.11;21/07/2026;23:00;18.1;0;SOLEIL;4;18.7;0
Fontenoy-la-Joute;48.453;6.66;21/07/2026;00:00;11.7;5;SOLEIL VOILÉ;2;11.2;0
Fontenoy-la-Joute;48.453;6.66;21/07/2026;01:00;9.7;5;SOLEIL VOILÉ;2;11.9;0
Fontenoy-la-Joute;48.453;6.66;21/07/2026;02:00;8.9;5;SOLEIL VOILÉ;2;12.2;0
Fontenoy-la-Joute;48.453;6.66;21/07/2026;03:00;9.5;5;SOLEIL VOILÉ;2;11.5;0
Fontenoy-la-Joute;48.453;6.66;21/07/2026;04:00;8.5;5;SOLEIL VOILÉ;2;9.7;0
Fontenoy-la-Joute;48.453;6.66;21/07/2026;05:00;10.7;0;SOLEIL;2;9.4;0
Fontenoy-la-Joute;48.453;6.66;21/07/2026;06:00;14.2;5;SOLEIL VOILÉ;2;9.0;0
Fontenoy-la-Joute;48.453;6.66;21/07/2026;07:00;17.9;5;SOLEIL VOILÉ;4;10.1;0
Fontenoy-la-Joute;48.453;6.66;21/07/2026;08:00;20.2;0;SOLEIL;5;14.4;0
Fontenoy-la-Joute;48.453;6.66;21/07/2026;09:00;21.1;0;SOLEIL;5;21.6;0
Fontenoy-la-Joute;48.453;6.66;21/07/2026;10:00;22.1;0;SOLEIL;5;26.6;0
Fontenoy-la-Joute;48.453;6.66;21/07/2026;11:00;23.4;0;SOLEIL;5;29.9;0
Fontenoy-la-Joute;48.453;6.66;21/07/2026;12:00;23.6;0;SOLEIL;5;33.1;0
Fontenoy-la-Joute;48.453;6.66;21/07/2026;13:00;24.6;0;SOLEIL;5;34.6;0
Fontenoy-la-Joute;48.453;6.66;21/07/2026;14:00;25;0;SOLEIL;4;32.4;0
Fontenoy-la-Joute;48.453;6.66;21/07/2026;15:00;25.5;0;SOLEIL;4;30.2;0
Fontenoy-la-Joute;48.453;6.66;21/07/2026;16:00;25.9;0;SOLEIL;4;31.7;0
Fontenoy-la-Joute;48.453;6.66;21/07/2026;17:00;25.4;0;SOLEIL;4;28.4;0
Fontenoy-la-Joute;48.453;6.66;21/07/2026;18:00;24;0;SOLEIL;4;29.2;0
Fontenoy-la-Joute;48.453;6.66;21/07/2026;19:00;21.2;0;SOLEIL;3;32.4;0
Fontenoy-la-Joute;48.453;6.66;21/07/2026;20:00;17.7;0;SOLEIL;2;22.7;0
Fontenoy-la-Joute;48.453;6.66;21/07/2026;21:00;14.6;0;SOLEIL;2;18.4;0
Fontenoy-la-Joute;48.453;6.66;21/07/2026;22:00;12.1;0;SOLEIL;0;7.9;0
Fontenoy-la-Joute;48.453;6.66;21/07/2026;23:00;11.1;0;SOLEIL;0;7.2;0
Clermont-en-Argonne;49.102;5.071;21/07/2026;00:00;11.5;0;SOLEIL;2;10.8;0
Clermont-en-Argonne;49.102;5.071;21/07/2026;01:00;11.7;0;SOLEIL;2;8.6;0
Clermont-en-Argonne;49.102;5.071;21/07/2026;02:00;10.7;0;SOLEIL;2;7.2;0
Clermont-en-Argonne;49.102;5.071;21/07/2026;03:00;9.7;0;SOLEIL;2;10.8;0
Clermont-en-Argonne;49.102;5.071;21/07/2026;04:00;9.1;0;SOLEIL;2;7.2;0
Clermont-en-Argonne;49.102;5.071;21/07/2026;05:00;11.9;0;SOLEIL;2;6.8;0
Clermont-en-Argonne;49.102;5.071;21/07/2026;06:00;14.5;0;SOLEIL;2;7.2;0
Clermont-en-Argonne;49.102;5.071;21/07/2026;07:00;17;0;SOLEIL;3;6.8;0
Clermont-en-Argonne;49.102;5.071;21/07/2026;08:00;19.2;0;SOLEIL;3;6.8;0
Clermont-en-Argonne;49.102;5.071;21/07/2026;09:00;21.5;0;SOLEIL;4;13.7;0
Clermont-en-Argonne;49.102;5.071;21/07/2026;10:00;22.9;0;SOLEIL;4;18.7;0
Clermont-en-Argonne;49.102;5.071;21/07/2026;11:00;24.5;0;SOLEIL;4;20.2;0
Clermont-en-Argonne;49.102;5.071;21/07/2026;12:00;25.4;0;SOLEIL;4;24.1;0
Clermont-en-Argonne;49.102;5.071;21/07/2026;13:00;26.1;0;SOLEIL;4;25.9;0
Clermont-en-Argonne;49.102;5.071;21/07/2026;14:00;26.6;0;SOLEIL;4;30.6;0
Clermont-en-Argonne;49.102;5.071;21/07/2026;15:00;26.6;0;SOLEIL;4;31.3;0
Clermont-en-Argonne;49.102;5.071;21/07/2026;16:00;26.7;0;SOLEIL;4;27.4;0
Clermont-en-Argonne;49.102;5.071;21/07/2026;17:00;26.6;0;SOLEIL;5;36.7;0
Clermont-en-Argonne;49.102;5.071;21/07/2026;18:00;24.6;0;SOLEIL;4;38.9;0
Clermont-en-Argonne;49.102;5.071;21/07/2026;19:00;21.1;0;SOLEIL;4;34.9;0
Clermont-en-Argonne;49.102;5.071;21/07/2026;20:00;16.6;0;SOLEIL;3;29.9;0
Clermont-en-Argonne;49.102;5.071;21/07/2026;21:00;14.5;0;SOLEIL;2;24.8;0
Clermont-en-Argonne;49.102;5.071;21/07/2026;22:00;13.1;0;SOLEIL;2;15.1;0
Clermont-en-Argonne;49.102;5.071;21/07/2026;23:00;13.4;0;SOLEIL;2;11.5;0
Boulogne-sur-Mer;50.726;1.614;21/07/2026;00:00;14.2;0;SOLEIL;2;18.0;0
Boulogne-sur-Mer;50.726;1.614;21/07/2026;01:00;13.7;0;SOLEIL;2;15.1;0
Boulogne-sur-Mer;50.726;1.614;21/07/2026;02:00;13.2;0;SOLEIL;2;15.1;0
Boulogne-sur-Mer;50.726;1.614;21/07/2026;03:00;13.6;0;SOLEIL;2;13.3;0
Boulogne-sur-Mer;50.726;1.614;21/07/2026;04:00;13.6;0;SOLEIL;2;11.2;0
Boulogne-sur-Mer;50.726;1.614;21/07/2026;05:00;14.1;2;NUAGEUX;2;14.8;0
Boulogne-sur-Mer;50.726;1.614;21/07/2026;06:00;15.2;2;NUAGEUX;2;14.4;0
Boulogne-sur-Mer;50.726;1.614;21/07/2026;07:00;16.6;2;NUAGEUX;3;11.9;0
Boulogne-sur-Mer;50.726;1.614;21/07/2026;08:00;17.6;2;NUAGEUX;4;9.7;0
Boulogne-sur-Mer;50.726;1.614;21/07/2026;09:00;18;2;NUAGEUX;4;14.4;0
Boulogne-sur-Mer;50.726;1.614;21/07/2026;10:00;18.1;2;NUAGEUX;5;18.7;0
Boulogne-sur-Mer;50.726;1.614;21/07/2026;11:00;18.4;0;SOLEIL;5;28.1;0
Boulogne-sur-Mer;50.726;1.614;21/07/2026;12:00;18.6;0;SOLEIL;5;32.4;0
Boulogne-sur-Mer;50.726;1.614;21/07/2026;13:00;18.9;0;SOLEIL;5;38.2;0
Boulogne-sur-Mer;50.726;1.614;21/07/2026;14:00;19;0;SOLEIL;5;34.9;0
Boulogne-sur-Mer;50.726;1.614;21/07/2026;15:00;19.4;0;SOLEIL;5;37.1;0
Boulogne-sur-Mer;50.726;1.614;21/07/2026;16:00;19.4;0;SOLEIL;5;37.4;0
Boulogne-sur-Mer;50.726;1.614;21/07/2026;17:00;19.1;0;SOLEIL;5;33.1;0
Boulogne-sur-Mer;50.726;1.614;21/07/2026;18:00;19.1;0;SOLEIL;4;33.5;0
Boulogne-sur-Mer;50.726;1.614;21/07/2026;19:00;18.2;0;SOLEIL;4;32.4;0
Boulogne-sur-Mer;50.726;1.614;21/07/2026;20:00;16.6;0;SOLEIL;3;31.7;0
Boulogne-sur-Mer;50.726;1.614;21/07/2026;21:00;16.2;0;SOLEIL;3;28.1;0
Boulogne-sur-Mer;50.726;1.614;21/07/2026;22:00;16.4;0;SOLEIL;2;28.8;0
Boulogne-sur-Mer;50.726;1.614;21/07/2026;23:00;15.5;0;SOLEIL;2;20.9;0
Prémont;50.012;3.414;21/07/2026;00:00;12.1;0;SOLEIL;4;26.6;0
Prémont;50.012;3.414;21/07/2026;01:00;11.5;0;SOLEIL;4;25.6;0
Prémont;50.012;3.414;21/07/2026;02:00;10.6;0;SOLEIL;4;21.6;0
Prémont;50.012;3.414;21/07/2026;03:00;10;0;SOLEIL;4;19.8;0
Prémont;50.012;3.414;21/07/2026;04:00;9.5;0;SOLEIL;4;18.4;0
Prémont;50.012;3.414;21/07/2026;05:00;10.4;0;SOLEIL;3;18.7;0
Prémont;50.012;3.414;21/07/2026;06:00;12.7;0;SOLEIL;4;19.1;0
Prémont;50.012;3.414;21/07/2026;07:00;15.1;0;SOLEIL;4;21.6;0
Prémont;50.012;3.414;21/07/2026;08:00;16.4;0;SOLEIL;4;24.5;0
Prémont;50.012;3.414;21/07/2026;09:00;18.1;0;SOLEIL;5;25.2;0
Prémont;50.012;3.414;21/07/2026;10:00;19.6;0;SOLEIL;5;27.7;0
Prémont;50.012;3.414;21/07/2026;11:00;20.7;0;SOLEIL;5;28.1;0
Prémont;50.012;3.414;21/07/2026;12:00;21.6;0;SOLEIL;5;28.4;0
Prémont;50.012;3.414;21/07/2026;13:00;22.6;0;SOLEIL;5;29.5;0
Prémont;50.012;3.414;21/07/2026;14:00;23;0;SOLEIL;5;31.3;0
Prémont;50.012;3.414;21/07/2026;15:00;23.4;0;SOLEIL;5;31.3;0
Prémont;50.012;3.414;21/07/2026;16:00;23.1;0;SOLEIL;5;31.0;0
Prémont;50.012;3.414;21/07/2026;17:00;22.6;0;SOLEIL;5;33.5;0
Prémont;50.012;3.414;21/07/2026;18:00;21.7;0;SOLEIL;5;33.8;0
Prémont;50.012;3.414;21/07/2026;19:00;19.6;0;SOLEIL;5;37.1;0
Prémont;50.012;3.414;21/07/2026;20:00;17.6;0;SOLEIL;5;37.8;0
Prémont;50.012;3.414;21/07/2026;21:00;16.1;0;SOLEIL;4;37.8;0
Prémont;50.012;3.414;21/07/2026;22:00;14.5;0;SOLEIL;4;33.8;0
Prémont;50.012;3.414;21/07/2026;23:00;13.5;0;SOLEIL;3;27.4;0
Morannes-sur-Sarthe-Daumeray;47.644;-0.416;21/07/2026;00:00;17.2;0;SOLEIL;6;15.8;0
Morannes-sur-Sarthe-Daumeray;47.644;-0.416;21/07/2026;01:00;16.1;0;SOLEIL;5;27.4;0
Morannes-sur-Sarthe-Daumeray;47.644;-0.416;21/07/2026;02:00;15.5;0;SOLEIL;5;27.4;0
Morannes-sur-Sarthe-Daumeray;47.644;-0.416;21/07/2026;03:00;15;0;SOLEIL;5;27.4;0
Morannes-sur-Sarthe-Daumeray;47.644;-0.416;21/07/2026;04:00;14.1;0;SOLEIL;5;27.0;0
Morannes-sur-Sarthe-Daumeray;47.644;-0.416;21/07/2026;05:00;13.7;0;SOLEIL;5;23.0;0
Morannes-sur-Sarthe-Daumeray;47.644;-0.416;21/07/2026;06:00;15.7;0;SOLEIL;5;21.2;0
Morannes-sur-Sarthe-Daumeray;47.644;-0.416;21/07/2026;07:00;17.6;0;SOLEIL;5;22.7;0
Morannes-sur-Sarthe-Daumeray;47.644;-0.416;21/07/2026;08:00;19.5;0;SOLEIL;5;26.3;0
Morannes-sur-Sarthe-Daumeray;47.644;-0.416;21/07/2026;09:00;21.1;0;SOLEIL;6;32.0;0
Morannes-sur-Sarthe-Daumeray;47.644;-0.416;21/07/2026;10:00;22.4;0;SOLEIL;6;34.9;0
Morannes-sur-Sarthe-Daumeray;47.644;-0.416;21/07/2026;11:00;24.1;0;SOLEIL;6;36.0;0
Morannes-sur-Sarthe-Daumeray;47.644;-0.416;21/07/2026;12:00;25.5;0;SOLEIL;6;36.4;0
Morannes-sur-Sarthe-Daumeray;47.644;-0.416;21/07/2026;13:00;26.7;0;SOLEIL;6;36.4;0
Morannes-sur-Sarthe-Daumeray;47.644;-0.416;21/07/2026;14:00;26.7;0;SOLEIL;6;36.0;0
Morannes-sur-Sarthe-Daumeray;47.644;-0.416;21/07/2026;15:00;26.7;0;SOLEIL;6;36.0;0
Morannes-sur-Sarthe-Daumeray;47.644;-0.416;21/07/2026;16:00;26;0;SOLEIL;6;36.4;0
Morannes-sur-Sarthe-Daumeray;47.644;-0.416;21/07/2026;17:00;25.9;0;SOLEIL;6;37.1;0
Morannes-sur-Sarthe-Daumeray;47.644;-0.416;21/07/2026;18:00;26.5;0;SOLEIL;6;38.2;0
Morannes-sur-Sarthe-Daumeray;47.644;-0.416;21/07/2026;19:00;24.9;0;SOLEIL;5;37.4;0
Morannes-sur-Sarthe-Daumeray;47.644;-0.416;21/07/2026;20:00;22.9;0;SOLEIL;4;34.6;0
Morannes-sur-Sarthe-Daumeray;47.644;-0.416;21/07/2026;21:00;21.2;0;SOLEIL;5;29.5;0
Morannes-sur-Sarthe-Daumeray;47.644;-0.416;21/07/2026;22:00;20.1;0;SOLEIL;4;22.7;0
Morannes-sur-Sarthe-Daumeray;47.644;-0.416;21/07/2026;23:00;18.9;0;SOLEIL;5;25.2;0
