Ville;Latitude;Longitude;Date;weathercode;Temps_Label;temperature_2m_max;temperature_2m_min
Foix;42.96;1.6;22/07/2026;0;SOLEIL;34.9;19.7
Foix;42.96;1.6;23/07/2026;0;SOLEIL;36.1;22
Foix;42.96;1.6;24/07/2026;0;SOLEIL;37.6;20.2
Foix;42.96;1.6;25/07/2026;2;NUAGEUX;29.9;21.5
Foix;42.96;1.6;26/07/2026;6;AVERSES;27.7;19.6
Foix;42.96;1.6;27/07/2026;6;AVERSES;29.4;19.7
Foix;42.96;1.6;28/07/2026;0;SOLEIL;32.6;19.4
Foix;42.96;1.6;29/07/2026;0;SOLEIL;32.9;20.7
Foix;42.96;1.6;30/07/2026;0;SOLEIL;32.9;20.6
Foix;42.96;1.6;31/07/2026;0;SOLEIL;31.4;20.4
Foix;42.96;1.6;01/08/2026;0;SOLEIL;32.1;20.5
Foix;42.96;1.6;02/08/2026;0;SOLEIL;33;21.1
Foix;42.96;1.6;03/08/2026;0;SOLEIL;33.4;20.9
Foix;42.96;1.6;04/08/2026;0;SOLEIL;34.1;20.4
Foix;42.96;1.6;05/08/2026;0;SOLEIL;22.0;12
Foix;42.96;1.6;06/08/2026;0;SOLEIL;22.0;12
Carcassonne;43.21;2.35;22/07/2026;0;SOLEIL;34.6;16.5
Carcassonne;43.21;2.35;23/07/2026;0;SOLEIL;35;18.5
Carcassonne;43.21;2.35;24/07/2026;0;SOLEIL;36.9;18.6
Carcassonne;43.21;2.35;25/07/2026;6;AVERSES;26.1;17.6
Carcassonne;43.21;2.35;26/07/2026;6;AVERSES;26.6;16.1
Carcassonne;43.21;2.35;27/07/2026;6;AVERSES;27.6;16.4
Carcassonne;43.21;2.35;28/07/2026;0;SOLEIL;30.9;16.2
Carcassonne;43.21;2.35;29/07/2026;0;SOLEIL;32.6;17.6
Carcassonne;43.21;2.35;30/07/2026;0;SOLEIL;29.6;18.1
Carcassonne;43.21;2.35;31/07/2026;0;SOLEIL;28.7;17.7
Carcassonne;43.21;2.35;01/08/2026;0;SOLEIL;29.4;17.5
Carcassonne;43.21;2.35;02/08/2026;0;SOLEIL;30.9;17.5
Carcassonne;43.21;2.35;03/08/2026;0;SOLEIL;32.7;17.4
Carcassonne;43.21;2.35;04/08/2026;0;SOLEIL;33.6;17.6
Carcassonne;43.21;2.35;05/08/2026;0;SOLEIL;22.0;12
Carcassonne;43.21;2.35;06/08/2026;0;SOLEIL;22.0;12
Laguiole;44.68;2.85;22/07/2026;0;SOLEIL;37.1;19.7
Laguiole;44.68;2.85;23/07/2026;0;SOLEIL;37.7;20.6
Laguiole;44.68;2.85;24/07/2026;0;SOLEIL;37.4;20
Laguiole;44.68;2.85;25/07/2026;2;NUAGEUX;30.2;20.6
Laguiole;44.68;2.85;26/07/2026;6;AVERSES;28.6;18.5
Laguiole;44.68;2.85;27/07/2026;0;SOLEIL;30;19.2
Laguiole;44.68;2.85;28/07/2026;0;SOLEIL;32.7;19.2
Laguiole;44.68;2.85;29/07/2026;0;SOLEIL;32.6;20.9
Laguiole;44.68;2.85;30/07/2026;0;SOLEIL;33.1;20.6
Laguiole;44.68;2.85;31/07/2026;0;SOLEIL;31.6;20.4
Laguiole;44.68;2.85;01/08/2026;0;SOLEIL;31.6;20.4
Laguiole;44.68;2.85;02/08/2026;0;SOLEIL;32.9;20.2
Laguiole;44.68;2.85;03/08/2026;0;SOLEIL;34;21
Laguiole;44.68;2.85;04/08/2026;0;SOLEIL;34.5;20.6
Laguiole;44.68;2.85;05/08/2026;0;SOLEIL;22.0;12
Laguiole;44.68;2.85;06/08/2026;0;SOLEIL;22.0;12
Rodez;44.35;2.57;22/07/2026;0;SOLEIL;27.5;13.4
Rodez;44.35;2.57;23/07/2026;0;SOLEIL;29.1;15.2
Rodez;44.35;2.57;24/07/2026;0;SOLEIL;31.2;14.1
Rodez;44.35;2.57;25/07/2026;6;AVERSES;24;14.7
Rodez;44.35;2.57;26/07/2026;6;AVERSES;19.7;11.5
Rodez;44.35;2.57;27/07/2026;6;AVERSES;19.7;12
Rodez;44.35;2.57;28/07/2026;0;SOLEIL;24.4;12.9
Rodez;44.35;2.57;29/07/2026;0;SOLEIL;26.9;14.9
Rodez;44.35;2.57;30/07/2026;0;SOLEIL;24.5;15.6
Rodez;44.35;2.57;31/07/2026;0;SOLEIL;26.5;15.5
Rodez;44.35;2.57;01/08/2026;0;SOLEIL;26.4;14.4
Rodez;44.35;2.57;02/08/2026;0;SOLEIL;25.6;14.6
Rodez;44.35;2.57;03/08/2026;0;SOLEIL;27.1;15
Rodez;44.35;2.57;04/08/2026;0;SOLEIL;24.9;15.6
Rodez;44.35;2.57;05/08/2026;0;SOLEIL;22.0;12
Rodez;44.35;2.57;06/08/2026;0;SOLEIL;22.0;12
Saint-Affrique;43.96;2.88;22/07/2026;0;SOLEIL;31.6;10.1
Saint-Affrique;43.96;2.88;23/07/2026;0;SOLEIL;32.4;13.7
Saint-Affrique;43.96;2.88;24/07/2026;0;SOLEIL;34.4;13.2
Saint-Affrique;43.96;2.88;25/07/2026;6;AVERSES;26.4;16.1
Saint-Affrique;43.96;2.88;26/07/2026;6;AVERSES;23;12.9
Saint-Affrique;43.96;2.88;27/07/2026;6;AVERSES;24.4;13.5
Saint-Affrique;43.96;2.88;28/07/2026;0;SOLEIL;29.1;12.4
Saint-Affrique;43.96;2.88;29/07/2026;0;SOLEIL;30.6;14.7
Saint-Affrique;43.96;2.88;30/07/2026;0;SOLEIL;28.9;14.6
Saint-Affrique;43.96;2.88;31/07/2026;0;SOLEIL;30.5;14.9
Saint-Affrique;43.96;2.88;01/08/2026;0;SOLEIL;29.1;14.9
Saint-Affrique;43.96;2.88;02/08/2026;0;SOLEIL;30;14.7
Saint-Affrique;43.96;2.88;03/08/2026;0;SOLEIL;29.6;15.1
Saint-Affrique;43.96;2.88;04/08/2026;0;SOLEIL;29.1;15.6
Saint-Affrique;43.96;2.88;05/08/2026;0;SOLEIL;22.0;12
Saint-Affrique;43.96;2.88;06/08/2026;0;SOLEIL;22.0;12
Alès;44.12;4.08;22/07/2026;0;SOLEIL;36.2;15.7
Alès;44.12;4.08;23/07/2026;0;SOLEIL;36.4;15.6
Alès;44.12;4.08;24/07/2026;0;SOLEIL;37.7;15.1
Alès;44.12;4.08;25/07/2026;6;AVERSES;28.4;17.4
Alès;44.12;4.08;26/07/2026;6;AVERSES;26;15.6
Alès;44.12;4.08;27/07/2026;6;AVERSES;28.1;15.6
Alès;44.12;4.08;28/07/2026;0;SOLEIL;32.1;14.1
Alès;44.12;4.08;29/07/2026;0;SOLEIL;32.6;16.1
Alès;44.12;4.08;30/07/2026;0;SOLEIL;32.7;16.7
Alès;44.12;4.08;31/07/2026;0;SOLEIL;32.6;16.5
Alès;44.12;4.08;01/08/2026;0;SOLEIL;32.1;16.1
Alès;44.12;4.08;02/08/2026;0;SOLEIL;34.1;16.1
Alès;44.12;4.08;03/08/2026;0;SOLEIL;33;16.5
Alès;44.12;4.08;04/08/2026;0;SOLEIL;33.5;16.6
Alès;44.12;4.08;05/08/2026;0;SOLEIL;22.0;12
Alès;44.12;4.08;06/08/2026;0;SOLEIL;22.0;12
Nîmes;43.83;4.36;22/07/2026;0;SOLEIL;35.9;20.1
Nîmes;43.83;4.36;23/07/2026;0;SOLEIL;36;19.6
Nîmes;43.83;4.36;24/07/2026;0;SOLEIL;37.1;20.5
Nîmes;43.83;4.36;25/07/2026;6;AVERSES;29.1;19.6
Nîmes;43.83;4.36;26/07/2026;0;SOLEIL;31.5;18.5
Nîmes;43.83;4.36;27/07/2026;0;SOLEIL;34;18.6
Nîmes;43.83;4.36;28/07/2026;0;SOLEIL;34.9;17.9
Nîmes;43.83;4.36;29/07/2026;0;SOLEIL;34.1;19.9
Nîmes;43.83;4.36;30/07/2026;0;SOLEIL;34.4;19.6
Nîmes;43.83;4.36;31/07/2026;0;SOLEIL;35.1;19.1
Nîmes;43.83;4.36;01/08/2026;0;SOLEIL;34.1;20.4
Nîmes;43.83;4.36;02/08/2026;0;SOLEIL;35.1;19.2
Nîmes;43.83;4.36;03/08/2026;0;SOLEIL;36.1;19.6
Nîmes;43.83;4.36;04/08/2026;0;SOLEIL;35.6;19.6
Nîmes;43.83;4.36;05/08/2026;0;SOLEIL;22.0;12
Nîmes;43.83;4.36;06/08/2026;0;SOLEIL;22.0;12
Saint-Gaudens;43.1;0.72;22/07/2026;0;SOLEIL;35.5;21.1
Saint-Gaudens;43.1;0.72;23/07/2026;0;SOLEIL;35.7;22.9
Saint-Gaudens;43.1;0.72;24/07/2026;0;SOLEIL;36.1;22.1
Saint-Gaudens;43.1;0.72;25/07/2026;6;AVERSES;28.6;21.7
Saint-Gaudens;43.1;0.72;26/07/2026;0;SOLEIL;30.9;19.6
Saint-Gaudens;43.1;0.72;27/07/2026;0;SOLEIL;32.1;20.5
Saint-Gaudens;43.1;0.72;28/07/2026;0;SOLEIL;32.7;20.6
Saint-Gaudens;43.1;0.72;29/07/2026;0;SOLEIL;33;21
Saint-Gaudens;43.1;0.72;30/07/2026;0;SOLEIL;34.1;21.5
Saint-Gaudens;43.1;0.72;31/07/2026;0;SOLEIL;34;21.6
Saint-Gaudens;43.1;0.72;01/08/2026;0;SOLEIL;33.2;21.4
Saint-Gaudens;43.1;0.72;02/08/2026;0;SOLEIL;33.5;21.1
Saint-Gaudens;43.1;0.72;03/08/2026;0;SOLEIL;33.5;21.6
Saint-Gaudens;43.1;0.72;04/08/2026;0;SOLEIL;33.9;21.6
Saint-Gaudens;43.1;0.72;05/08/2026;0;SOLEIL;22.0;12
Saint-Gaudens;43.1;0.72;06/08/2026;0;SOLEIL;22.0;12
Toulouse;43.6;1.44;22/07/2026;0;SOLEIL;35.4;16.4
Toulouse;43.6;1.44;23/07/2026;0;SOLEIL;35.7;17.6
Toulouse;43.6;1.44;24/07/2026;0;SOLEIL;37.4;17
Toulouse;43.6;1.44;25/07/2026;6;AVERSES;26.4;17.6
Toulouse;43.6;1.44;26/07/2026;6;AVERSES;26.1;16
Toulouse;43.6;1.44;27/07/2026;6;AVERSES;27.6;16.1
Toulouse;43.6;1.44;28/07/2026;0;SOLEIL;29.7;16
Toulouse;43.6;1.44;29/07/2026;0;SOLEIL;31;17.5
Toulouse;43.6;1.44;30/07/2026;0;SOLEIL;28.7;17.5
Toulouse;43.6;1.44;31/07/2026;0;SOLEIL;28.7;17.1
Toulouse;43.6;1.44;01/08/2026;0;SOLEIL;29.1;17.5
Toulouse;43.6;1.44;02/08/2026;0;SOLEIL;30;16.6
Toulouse;43.6;1.44;03/08/2026;0;SOLEIL;31;16.7
Toulouse;43.6;1.44;04/08/2026;0;SOLEIL;31.6;17.1
Toulouse;43.6;1.44;05/08/2026;0;SOLEIL;22.0;12
Toulouse;43.6;1.44;06/08/2026;0;SOLEIL;22.0;12
Auch;43.64;0.58;22/07/2026;0;SOLEIL;34.4;15.6
Auch;43.64;0.58;23/07/2026;0;SOLEIL;35.5;18.1
Auch;43.64;0.58;24/07/2026;0;SOLEIL;37;16.6
Auch;43.64;0.58;25/07/2026;6;AVERSES;28.4;20.1
Auch;43.64;0.58;26/07/2026;6;AVERSES;27;18.5
Auch;43.64;0.58;27/07/2026;6;AVERSES;30;18.6
Auch;43.64;0.58;28/07/2026;0;SOLEIL;32.9;17.1
Auch;43.64;0.58;29/07/2026;0;SOLEIL;34.5;18.6
Auch;43.64;0.58;30/07/2026;0;SOLEIL;32.1;18.1
Auch;43.64;0.58;31/07/2026;0;SOLEIL;32;18.1
Auch;43.64;0.58;01/08/2026;0;SOLEIL;32.9;17.7
Auch;43.64;0.58;02/08/2026;0;SOLEIL;34.6;18.2
Auch;43.64;0.58;03/08/2026;0;SOLEIL;35.5;18
Auch;43.64;0.58;04/08/2026;0;SOLEIL;34;18.4
Auch;43.64;0.58;05/08/2026;0;SOLEIL;22.0;12
Auch;43.64;0.58;06/08/2026;0;SOLEIL;22.0;12
Béziers;43.34;3.21;22/07/2026;0;SOLEIL;34.1;20.1
Béziers;43.34;3.21;23/07/2026;0;SOLEIL;33.9;19.7
Béziers;43.34;3.21;24/07/2026;0;SOLEIL;33.5;16.5
Béziers;43.34;3.21;25/07/2026;6;AVERSES;28.6;21.4
Béziers;43.34;3.21;26/07/2026;0;SOLEIL;30.4;19.7
Béziers;43.34;3.21;27/07/2026;0;SOLEIL;32.1;20.5
Béziers;43.34;3.21;28/07/2026;0;SOLEIL;32.5;19.6
Béziers;43.34;3.21;29/07/2026;0;SOLEIL;31;20.6
Béziers;43.34;3.21;30/07/2026;0;SOLEIL;33.2;20.9
Béziers;43.34;3.21;31/07/2026;0;SOLEIL;32.5;21.1
Béziers;43.34;3.21;01/08/2026;0;SOLEIL;32.4;21.2
Béziers;43.34;3.21;02/08/2026;0;SOLEIL;32.6;20.9
Béziers;43.34;3.21;03/08/2026;0;SOLEIL;33.6;21.7
Béziers;43.34;3.21;04/08/2026;0;SOLEIL;33.9;21.1
Béziers;43.34;3.21;05/08/2026;0;SOLEIL;22.0;12
Béziers;43.34;3.21;06/08/2026;0;SOLEIL;22.0;12
Montpellier;43.61;3.87;22/07/2026;0;SOLEIL;35.5;22.5
Montpellier;43.61;3.87;23/07/2026;0;SOLEIL;36.5;25
Montpellier;43.61;3.87;24/07/2026;0;SOLEIL;36.6;24.1
Montpellier;43.61;3.87;25/07/2026;6;AVERSES;28.2;21.5
Montpellier;43.61;3.87;26/07/2026;0;SOLEIL;30.7;20.6
Montpellier;43.61;3.87;27/07/2026;0;SOLEIL;31.9;21.5
Montpellier;43.61;3.87;28/07/2026;0;SOLEIL;32;20.6
Montpellier;43.61;3.87;29/07/2026;0;SOLEIL;31.2;21.1
Montpellier;43.61;3.87;30/07/2026;0;SOLEIL;32.4;21.6
Montpellier;43.61;3.87;31/07/2026;0;SOLEIL;32.2;21.9
Montpellier;43.61;3.87;01/08/2026;0;SOLEIL;31.7;21.4
Montpellier;43.61;3.87;02/08/2026;0;SOLEIL;32.1;21.6
Montpellier;43.61;3.87;03/08/2026;0;SOLEIL;32.6;21.6
Montpellier;43.61;3.87;04/08/2026;0;SOLEIL;33;21.6
Montpellier;43.61;3.87;05/08/2026;0;SOLEIL;22.0;12
Montpellier;43.61;3.87;06/08/2026;0;SOLEIL;22.0;12
Cahors;44.44;1.44;22/07/2026;0;SOLEIL;36.7;13.9
Cahors;44.44;1.44;23/07/2026;0;SOLEIL;36.5;16
Cahors;44.44;1.44;24/07/2026;0;SOLEIL;38.5;14.1
Cahors;44.44;1.44;25/07/2026;6;AVERSES;30.1;18.4
Cahors;44.44;1.44;26/07/2026;6;AVERSES;26.6;16.5
Cahors;44.44;1.44;27/07/2026;6;AVERSES;28.5;16.7
Cahors;44.44;1.44;28/07/2026;0;SOLEIL;33.4;14.1
Cahors;44.44;1.44;29/07/2026;0;SOLEIL;34.2;16.1
Cahors;44.44;1.44;30/07/2026;0;SOLEIL;33.6;16.9
Cahors;44.44;1.44;31/07/2026;0;SOLEIL;33.1;16.4
Cahors;44.44;1.44;01/08/2026;0;SOLEIL;33.4;16.4
Cahors;44.44;1.44;02/08/2026;0;SOLEIL;33.2;16.7
Cahors;44.44;1.44;03/08/2026;0;SOLEIL;33.9;16.9
Cahors;44.44;1.44;04/08/2026;0;SOLEIL;33.1;16.4
Cahors;44.44;1.44;05/08/2026;0;SOLEIL;22.0;12
Cahors;44.44;1.44;06/08/2026;0;SOLEIL;22.0;12
Saint-Céré;44.86;1.89;22/07/2026;0;SOLEIL;35.9;11.4
Saint-Céré;44.86;1.89;23/07/2026;0;SOLEIL;36.4;12.9
Saint-Céré;44.86;1.89;24/07/2026;0;SOLEIL;37.9;12.1
Saint-Céré;44.86;1.89;25/07/2026;6;AVERSES;30.1;16.6
Saint-Céré;44.86;1.89;26/07/2026;6;AVERSES;26.7;14.7
Saint-Céré;44.86;1.89;27/07/2026;6;AVERSES;28;15.2
Saint-Céré;44.86;1.89;28/07/2026;0;SOLEIL;32.6;13.1
Saint-Céré;44.86;1.89;29/07/2026;0;SOLEIL;35.1;14.9
Saint-Céré;44.86;1.89;30/07/2026;0;SOLEIL;32.7;15
Saint-Céré;44.86;1.89;31/07/2026;0;SOLEIL;33.1;14.5
Saint-Céré;44.86;1.89;01/08/2026;0;SOLEIL;33.1;15.1
Saint-Céré;44.86;1.89;02/08/2026;0;SOLEIL;32.6;14.7
Saint-Céré;44.86;1.89;03/08/2026;0;SOLEIL;33.6;15.1
Saint-Céré;44.86;1.89;04/08/2026;0;SOLEIL;32.4;15.2
Saint-Céré;44.86;1.89;05/08/2026;0;SOLEIL;22.0;12
Saint-Céré;44.86;1.89;06/08/2026;0;SOLEIL;22.0;12
Mende;44.51;3.5;22/07/2026;0;SOLEIL;31.6;11.1
Mende;44.51;3.5;23/07/2026;0;SOLEIL;31.7;11.4
Mende;44.51;3.5;24/07/2026;0;SOLEIL;34.4;9.9
Mende;44.51;3.5;25/07/2026;6;AVERSES;26.5;14.5
Mende;44.51;3.5;26/07/2026;6;AVERSES;24.2;12.5
Mende;44.51;3.5;27/07/2026;6;AVERSES;26.6;12.6
Mende;44.51;3.5;28/07/2026;0;SOLEIL;30.9;11.7
Mende;44.51;3.5;29/07/2026;0;SOLEIL;31.1;13.9
Mende;44.51;3.5;30/07/2026;0;SOLEIL;31;13.9
Mende;44.51;3.5;31/07/2026;0;SOLEIL;31.7;13.6
Mende;44.51;3.5;01/08/2026;0;SOLEIL;30.4;13.9
Mende;44.51;3.5;02/08/2026;0;SOLEIL;30.7;14.1
Mende;44.51;3.5;03/08/2026;0;SOLEIL;31.7;13.6
Mende;44.51;3.5;04/08/2026;0;SOLEIL;31.7;14.4
Mende;44.51;3.5;05/08/2026;0;SOLEIL;22.0;12
Mende;44.51;3.5;06/08/2026;0;SOLEIL;22.0;12
Tarbes;43.23;0.07;22/07/2026;0;SOLEIL;34;17.7
Tarbes;43.23;0.07;23/07/2026;0;SOLEIL;34.6;19.1
Tarbes;43.23;0.07;24/07/2026;0;SOLEIL;37;18.2
Tarbes;43.23;0.07;25/07/2026;6;AVERSES;24.7;18.9
Tarbes;43.23;0.07;26/07/2026;6;AVERSES;25.1;16.9
Tarbes;43.23;0.07;27/07/2026;6;AVERSES;27.2;17.4
Tarbes;43.23;0.07;28/07/2026;0;SOLEIL;29.6;17.2
Tarbes;43.23;0.07;29/07/2026;0;SOLEIL;30.5;18.6
Tarbes;43.23;0.07;30/07/2026;0;SOLEIL;27.2;18.4
Tarbes;43.23;0.07;31/07/2026;0;SOLEIL;28.1;18
Tarbes;43.23;0.07;01/08/2026;0;SOLEIL;29.6;17.9
Tarbes;43.23;0.07;02/08/2026;0;SOLEIL;30.1;17.7
Tarbes;43.23;0.07;03/08/2026;0;SOLEIL;30.4;17.9
Tarbes;43.23;0.07;04/08/2026;0;SOLEIL;32;18.5
Tarbes;43.23;0.07;05/08/2026;0;SOLEIL;22.0;12
Tarbes;43.23;0.07;06/08/2026;0;SOLEIL;22.0;12
Font-Romeu;42.5;2.04;22/07/2026;0;SOLEIL;28.1;16
Font-Romeu;42.5;2.04;23/07/2026;0;SOLEIL;28.6;16
Font-Romeu;42.5;2.04;24/07/2026;0;SOLEIL;28.2;15.6
Font-Romeu;42.5;2.04;25/07/2026;6;AVERSES;22.1;12.5
Font-Romeu;42.5;2.04;26/07/2026;0;SOLEIL;20.9;8
Font-Romeu;42.5;2.04;27/07/2026;0;SOLEIL;24.7;9.1
Font-Romeu;42.5;2.04;28/07/2026;0;SOLEIL;25.6;10.5
Font-Romeu;42.5;2.04;29/07/2026;0;SOLEIL;26;12.6
Font-Romeu;42.5;2.04;30/07/2026;6;AVERSES;23.4;12
Font-Romeu;42.5;2.04;31/07/2026;6;AVERSES;21.6;11.5
Font-Romeu;42.5;2.04;01/08/2026;0;SOLEIL;22.1;11
Font-Romeu;42.5;2.04;02/08/2026;6;AVERSES;23.4;11.1
Font-Romeu;42.5;2.04;03/08/2026;6;AVERSES;24.9;12.4
Font-Romeu;42.5;2.04;04/08/2026;6;AVERSES;24.7;12.9
Font-Romeu;42.5;2.04;05/08/2026;0;SOLEIL;22.0;12
Font-Romeu;42.5;2.04;06/08/2026;0;SOLEIL;22.0;12
Perpignan;42.69;2.89;22/07/2026;0;SOLEIL;32.6;24
Perpignan;42.69;2.89;23/07/2026;0;SOLEIL;35.1;23
Perpignan;42.69;2.89;24/07/2026;0;SOLEIL;31.5;22.1
Perpignan;42.69;2.89;25/07/2026;0;SOLEIL;30.2;22.9
Perpignan;42.69;2.89;26/07/2026;0;SOLEIL;31.7;21.5
Perpignan;42.69;2.89;27/07/2026;0;SOLEIL;31.7;21.7
Perpignan;42.69;2.89;28/07/2026;0;SOLEIL;30.4;23
Perpignan;42.69;2.89;29/07/2026;0;SOLEIL;30.6;23
Perpignan;42.69;2.89;30/07/2026;0;SOLEIL;31.6;22.9
Perpignan;42.69;2.89;31/07/2026;0;SOLEIL;30.2;23.6
Perpignan;42.69;2.89;01/08/2026;0;SOLEIL;30.2;23
Perpignan;42.69;2.89;02/08/2026;0;SOLEIL;31.6;22.7
Perpignan;42.69;2.89;03/08/2026;0;SOLEIL;32.6;24.1
Perpignan;42.69;2.89;04/08/2026;0;SOLEIL;32.6;23.6
Perpignan;42.69;2.89;05/08/2026;0;SOLEIL;22.0;12
Perpignan;42.69;2.89;06/08/2026;0;SOLEIL;22.0;12
Albi;43.92;2.14;22/07/2026;0;SOLEIL;36.4;19
Albi;43.92;2.14;23/07/2026;0;SOLEIL;37.7;20.9
Albi;43.92;2.14;24/07/2026;0;SOLEIL;38.5;20.4
Albi;43.92;2.14;25/07/2026;6;AVERSES;30.4;21
Albi;43.92;2.14;26/07/2026;6;AVERSES;27.1;17.9
Albi;43.92;2.14;27/07/2026;6;AVERSES;28.9;18.4
Albi;43.92;2.14;28/07/2026;0;SOLEIL;33.4;18.2
Albi;43.92;2.14;29/07/2026;0;SOLEIL;34;19.7
Albi;43.92;2.14;30/07/2026;0;SOLEIL;32;20.4
Albi;43.92;2.14;31/07/2026;0;SOLEIL;31.6;20.6
Albi;43.92;2.14;01/08/2026;0;SOLEIL;32.6;19.7
Albi;43.92;2.14;02/08/2026;0;SOLEIL;33.2;19.9
Albi;43.92;2.14;03/08/2026;0;SOLEIL;33.6;20.6
Albi;43.92;2.14;04/08/2026;0;SOLEIL;34.1;20.6
Albi;43.92;2.14;05/08/2026;0;SOLEIL;22.0;12
Albi;43.92;2.14;06/08/2026;0;SOLEIL;22.0;12
Castres;43.6;2.24;22/07/2026;0;SOLEIL;36.4;18.6
Castres;43.6;2.24;23/07/2026;0;SOLEIL;37.6;18.2
Castres;43.6;2.24;24/07/2026;0;SOLEIL;38;19.9
Castres;43.6;2.24;25/07/2026;6;AVERSES;30;20.5
Castres;43.6;2.24;26/07/2026;6;AVERSES;28;17.7
Castres;43.6;2.24;27/07/2026;6;AVERSES;29.5;18.2
Castres;43.6;2.24;28/07/2026;0;SOLEIL;33.7;18
Castres;43.6;2.24;29/07/2026;0;SOLEIL;34.2;19.9
Castres;43.6;2.24;30/07/2026;0;SOLEIL;33.6;20
Castres;43.6;2.24;31/07/2026;0;SOLEIL;33.4;20.4
Castres;43.6;2.24;01/08/2026;0;SOLEIL;33.2;19.6
Castres;43.6;2.24;02/08/2026;0;SOLEIL;33.6;20.2
Castres;43.6;2.24;03/08/2026;0;SOLEIL;33.6;20.2
Castres;43.6;2.24;04/08/2026;0;SOLEIL;34.2;20.6
Castres;43.6;2.24;05/08/2026;0;SOLEIL;22.0;12
Castres;43.6;2.24;06/08/2026;0;SOLEIL;22.0;12
Montauban;44.01;1.35;22/07/2026;0;SOLEIL;35.6;18.1
Montauban;44.01;1.35;23/07/2026;0;SOLEIL;36.5;19.9
Montauban;44.01;1.35;24/07/2026;0;SOLEIL;37.5;18.5
Montauban;44.01;1.35;25/07/2026;6;AVERSES;30.1;20.7
Montauban;44.01;1.35;26/07/2026;6;AVERSES;27.5;19.1
Montauban;44.01;1.35;27/07/2026;6;AVERSES;29.7;19.1
Montauban;44.01;1.35;28/07/2026;0;SOLEIL;33;18.4
Montauban;44.01;1.35;29/07/2026;0;SOLEIL;33.4;19.6
Montauban;44.01;1.35;30/07/2026;0;SOLEIL;32.6;20.2
Montauban;44.01;1.35;31/07/2026;0;SOLEIL;31.4;19.6
Montauban;44.01;1.35;01/08/2026;0;SOLEIL;32.6;19.7
Montauban;44.01;1.35;02/08/2026;0;SOLEIL;33.5;20
Montauban;44.01;1.35;03/08/2026;0;SOLEIL;34.2;20
Montauban;44.01;1.35;04/08/2026;0;SOLEIL;34;19.6
Montauban;44.01;1.35;05/08/2026;0;SOLEIL;22.0;12
Montauban;44.01;1.35;06/08/2026;0;SOLEIL;22.0;12
