Ville;Latitude;Longitude;Date;weathercode;pictogramme;condition_meteo;temperature_2m_max;temperature_2m_min;apparent_temperature_max;apparent_temperature_min;sunrise;sunset;uv_index_max;uv_index_clear_sky_max;precipitation_sum;rain_sum;showers_sum;snowfall_sum;precipitation_hours;precipitation_probability_max;windspeed_10m_max;windgusts_10m_max;winddirection_10m_dominant;shortwave_radiation_sum
Angoulême;45.65;0.15;28/05/2026;2;P8;Éclaircies;35.8;15.7;36.4;16.8;06:15;21:37;7.5;7.5;0.0;0.0;0.0;0.0;0.0;5;14.0;27.4;37;29.02
Angoulême;45.65;0.15;29/05/2026;3;P4;Nuageux;35.8;16.0;35.0;16.1;06:15;21:38;7.55;7.55;0.0;0.0;0.0;0.0;0.0;0;15.6;33.1;73;27.82
Angoulême;45.65;0.15;30/05/2026;3;P4;Nuageux;31.2;16.4;34.2;16.1;06:14;21:39;7.55;7.6;0.0;0.0;0.0;0.0;0.0;0;16.5;32.2;239;25.91
Angoulême;45.65;0.15;31/05/2026;3;P4;Nuageux;26.1;17.3;25.2;18.5;06:13;21:40;5.45;7.5;0.0;0.0;0.0;0.0;0.0;0;17.8;33.8;287;20.88
Angoulême;45.65;0.15;01/06/2026;3;P4;Nuageux;25.8;16.0;25.6;17.4;06:13;21:41;7.55;7.6;0.0;0.0;0.0;0.0;0.0;3;17.6;33.1;281;20.03
Angoulême;45.65;0.15;02/06/2026;80;P9;Averses;22.1;15.9;19.1;15.4;06:12;21:41;7.3;7.4;4.5;0.6;3.9;0.0;6.0;65;28.9;52.3;259;20.12
Angoulême;45.65;0.15;03/06/2026;80;P9;Averses;18.8;14.3;17.8;13.5;06:12;21:42;4.5;7.25;1.2;0.0;1.5;0.0;6.0;31;24.5;50.0;215;7.0
Angoulême;45.65;0.15;04/06/2026;80;P9;Averses;22.2;15.3;18.0;14.1;06:11;21:43;4.4;7.15;2.1;0.0;2.1;0.0;9.0;43;33.3;69.8;243;20.43
Angoulême;45.65;0.15;05/06/2026;51;P10;Pluie faible;16.9;11.4;14.7;10.0;06:11;21:44;3.9;7.2;2.85;0.15;2.7;0.0;15.0;38;19.1;48.6;254;22.5
Angoulême;45.65;0.15;06/06/2026;51;P10;Pluie faible;17.8;11.6;16.4;10.2;06:11;21:45;6.35;7.15;3.0;0.6;2.4;0.0;18.0;22;17.0;40.0;210;21.48
Angoulême;45.65;0.15;07/06/2026;55;P10;Pluie faible;14.6;11.4;12.9;9.1;06:10;21:45;5.8;7.0;12.6;3.9;8.7;0.0;21.0;16;26.7;65.2;263;18.15
Angoulême;45.65;0.15;08/06/2026;51;P10;Pluie faible;19.5;10.8;17.6;9.1;06:10;21:46;6.1;7.15;2.4;1.5;0.9;0.0;15.0;14;19.7;54.7;267;26.52
Angoulême;45.65;0.15;09/06/2026;51;P10;Pluie faible;18.4;10.8;17.6;9.8;06:10;21:47;3.85;7.15;0.9;0.3;0.6;0.0;3.0;19;9.2;38.5;192;17.39
Angoulême;45.65;0.15;10/06/2026;53;P10;Pluie faible;19.9;12.7;18.8;12.0;06:09;21:47;7.15;7.3;5.7;0.9;4.8;0.0;21.0;16;18.2;45.4;255;19.72
Angoulême;45.65;0.15;11/06/2026;3;P4;Nuageux;21.3;11.2;22.4;10.8;06:09;21:48;4.15;7.25;0.0;0.0;0.0;0.0;0.0;15;9.2;30.6;18;28.5
Angoulême;45.65;0.15;12/06/2026;1;P2;Éclaircies;31.5;13.3;33.8;11.6;06:09;21:48;7.35;7.35;0.0;0.0;0.0;0.0;0.0;;11.9;23.8;71;29.09
La Rochelle;46.16;-1.15;28/05/2026;3;P4;Nuageux;35.3;20.0;33.0;20.4;06:19;21:44;7.5;7.5;0.0;0.0;0.0;0.0;0.0;0;14.4;28.8;308;28.61
La Rochelle;46.16;-1.15;29/05/2026;3;P4;Nuageux;33.3;24.7;31.7;23.6;06:18;21:45;7.45;7.55;0.0;0.0;0.0;0.0;0.0;0;17.6;32.4;219;26.61
La Rochelle;46.16;-1.15;30/05/2026;3;P4;Nuageux;26.9;22.4;28.5;23.4;06:17;21:46;7.55;7.55;0.0;0.0;0.0;0.0;0.0;0;19.3;36.0;239;27.61
La Rochelle;46.16;-1.15;31/05/2026;3;P4;Nuageux;29.4;21.1;27.0;19.0;06:17;21:47;7.05;7.55;0.0;0.0;0.0;0.0;0.0;3;35.1;57.2;301;25.4
La Rochelle;46.16;-1.15;01/06/2026;3;P4;Nuageux;28.2;19.2;27.0;18.5;06:16;21:48;7.55;7.55;0.0;0.0;0.0;0.0;0.0;5;26.6;44.3;308;27.07
La Rochelle;46.16;-1.15;02/06/2026;53;P10;Pluie faible;19.6;16.9;18.9;14.5;06:16;21:49;6.75;7.35;5.1;1.8;3.3;0.0;18.0;63;27.4;60.1;274;23.27
La Rochelle;46.16;-1.15;03/06/2026;51;P10;Pluie faible;18.6;15.9;15.1;12.7;06:15;21:49;4.3;7.2;4.8;3.3;1.5;0.0;21.0;43;38.0;93.2;244;13.78
La Rochelle;46.16;-1.15;04/06/2026;53;P10;Pluie faible;17.2;14.1;13.8;10.6;06:15;21:50;7.15;7.2;9.9;4.8;5.1;0.0;21.0;50;36.5;84.6;258;12.28
La Rochelle;46.16;-1.15;05/06/2026;53;P10;Pluie faible;16.7;14.1;13.9;11.4;06:14;21:51;3.4;7.15;6.6;2.4;4.2;0.0;24.0;42;24.9;61.9;279;24.51
La Rochelle;46.16;-1.15;06/06/2026;61;P10;Pluie;17.2;10.9;15.1;9.0;06:14;21:52;6.7;7.15;15.0;3.6;11.4;0.0;24.0;37;18.8;53.6;225;24.18
La Rochelle;46.16;-1.15;07/06/2026;63;P10;Pluie;15.2;12.5;12.2;10.0;06:13;21:53;6.95;6.95;22.5;12.0;10.5;0.0;21.0;25;28.9;66.6;276;17.81
La Rochelle;46.16;-1.15;08/06/2026;51;P10;Pluie faible;17.7;14.0;15.2;10.7;06:13;21:53;7.05;7.1;1.2;0.6;0.6;0.0;12.0;42;26.6;61.2;294;26.92
La Rochelle;46.16;-1.15;09/06/2026;61;P10;Pluie;17.8;14.6;15.7;13.3;06:13;21:54;3.05;7.05;6.0;2.1;3.9;0.0;21.0;23;13.0;58.3;237;14.59
La Rochelle;46.16;-1.15;10/06/2026;61;P10;Pluie;18.9;14.4;17.1;12.7;06:13;21:55;6.95;7.25;11.4;5.7;5.7;0.0;15.0;16;20.3;55.1;289;24.35
La Rochelle;46.16;-1.15;11/06/2026;3;P4;Nuageux;20.9;12.6;22.5;11.8;06:12;21:55;3.5;7.2;0.0;0.0;0.0;0.0;0.0;23;12.0;47.5;20;28.03
La Rochelle;46.16;-1.15;12/06/2026;1;P2;Éclaircies;26.8;14.1;28.6;11.8;06:12;21:56;7.3;7.3;0.0;0.0;0.0;0.0;0.0;19;17.1;31.7;144;29.31
Pons;45.58;-0.55;28/05/2026;3;P4;Nuageux;36.6;19.0;38.4;20.0;06:19;21:39;7.5;7.5;0.0;0.0;0.0;0.0;0.0;13;13.0;23.0;22;28.4
Pons;45.58;-0.55;29/05/2026;3;P4;Nuageux;36.0;18.1;36.4;18.3;06:18;21:40;7.05;7.55;0.0;0.0;0.0;0.0;0.0;0;9.9;19.4;59;27.61
Pons;45.58;-0.55;30/05/2026;3;P4;Nuageux;27.2;17.6;29.4;18.1;06:17;21:41;7.55;7.55;0.0;0.0;0.0;0.0;0.0;0;22.2;34.4;242;26.68
Pons;45.58;-0.55;31/05/2026;3;P4;Nuageux;25.0;17.0;24.8;18.0;06:17;21:42;6.8;7.55;0.0;0.0;0.0;0.0;0.0;0;18.1;35.6;301;22.39
Pons;45.58;-0.55;01/06/2026;45;brouillards;Brouillard;24.9;16.0;24.4;17.4;06:16;21:43;7.6;7.6;0.0;0.0;0.0;0.0;0.0;4;20.7;37.8;274;20.34
Pons;45.58;-0.55;02/06/2026;3;P4;Nuageux;21.8;16.2;19.2;15.2;06:15;21:44;7.25;7.4;4.8;1.2;3.3;0.0;3.0;65;27.8;50.8;267;20.92
Pons;45.58;-0.55;03/06/2026;80;P9;Averses;19.1;14.7;17.9;14.9;06:15;21:45;4.75;7.2;1.2;0.3;0.9;0.0;12.0;35;23.0;43.2;237;6.09
Pons;45.58;-0.55;04/06/2026;80;P9;Averses;21.5;15.5;18.2;14.5;06:14;21:46;5.15;7.2;1.8;0.0;1.8;0.0;12.0;48;35.5;69.1;258;22.54
Pons;45.58;-0.55;05/06/2026;53;P10;Pluie faible;17.8;11.6;15.0;10.5;06:14;21:46;6.25;7.2;5.55;2.1;3.45;0.0;15.0;45;22.9;48.6;255;24.2
Pons;45.58;-0.55;06/06/2026;53;P10;Pluie faible;17.8;11.1;16.6;9.9;06:14;21:47;6.2;7.2;5.1;2.4;2.7;0.0;15.0;31;12.2;43.2;216;24.43
Pons;45.58;-0.55;07/06/2026;61;P10;Pluie;14.5;11.2;12.7;10.2;06:13;21:48;6.75;7.0;24.3;8.4;15.9;0.0;24.0;14;29.8;60.8;271;20.12
Pons;45.58;-0.55;08/06/2026;51;P10;Pluie faible;18.8;11.2;17.0;10.0;06:13;21:49;6.65;7.15;2.4;1.2;1.2;0.0;21.0;12;21.2;45.0;273;25.36
Pons;45.58;-0.55;09/06/2026;51;P10;Pluie faible;18.1;10.8;17.5;10.0;06:13;21:49;3.75;7.2;1.2;0.3;0.9;0.0;3.0;18;9.0;37.4;186;16.74
Pons;45.58;-0.55;10/06/2026;51;P10;Pluie faible;19.5;12.6;19.0;12.5;06:12;21:50;7.05;7.3;3.6;1.5;2.1;0.0;21.0;16;19.6;40.3;281;24.58
Pons;45.58;-0.55;11/06/2026;3;P4;Nuageux;21.7;11.8;22.9;11.5;06:12;21:50;4.55;7.25;0.0;0.0;0.0;0.0;0.0;21;10.0;34.6;41;27.39
Pons;45.58;-0.55;12/06/2026;0;P1;Ensoleillé;29.9;13.1;32.1;11.4;06:12;21:51;7.35;7.35;0.0;0.0;0.0;0.0;0.0;;13.6;24.8;61;29.3
Brive-la-Gaillarde;45.15;1.53;28/05/2026;2;P8;Éclaircies;35.3;16.6;36.0;17.9;06:12;21:30;7.45;7.55;0.0;0.0;0.0;0.0;0.0;0;16.3;36.0;18;28.82
Brive-la-Gaillarde;45.15;1.53;29/05/2026;3;P4;Nuageux;35.6;16.9;35.1;17.6;06:11;21:30;7.6;7.6;0.0;0.0;0.0;0.0;0.0;0;10.1;27.4;87;29.02
Brive-la-Gaillarde;45.15;1.53;30/05/2026;3;P4;Nuageux;30.7;16.5;33.3;16.8;06:10;21:31;7.55;7.65;0.0;0.0;0.0;0.0;0.0;3;10.7;24.3;247;24.38
Brive-la-Gaillarde;45.15;1.53;31/05/2026;3;P4;Nuageux;26.6;18.7;27.2;20.0;06:10;21:32;3.85;7.5;0.0;0.0;0.0;0.0;0.0;2;14.5;28.8;285;17.18
Brive-la-Gaillarde;45.15;1.53;01/06/2026;3;P4;Nuageux;27.0;13.8;27.4;14.0;06:09;21:33;7.7;7.7;0.0;0.0;0.0;0.0;0.0;1;13.0;27.4;289;24.54
Brive-la-Gaillarde;45.15;1.53;02/06/2026;80;P9;Averses;22.6;15.7;20.5;15.4;06:09;21:34;3.75;7.35;4.65;0.3;4.35;0.0;9.0;64;23.3;51.3;265;16.07
Brive-la-Gaillarde;45.15;1.53;03/06/2026;3;P4;Nuageux;19.5;14.0;18.9;13.9;06:08;21:35;5.0;7.25;0.6;0.0;0.6;0.0;6.0;46;13.0;27.4;234;7.89
Brive-la-Gaillarde;45.15;1.53;04/06/2026;80;P9;Averses;20.2;15.1;18.8;14.8;06:08;21:36;6.65;7.3;12.6;9.6;3.0;0.0;15.0;53;18.2;53.3;220;8.4
Brive-la-Gaillarde;45.15;1.53;05/06/2026;53;P10;Pluie faible;14.6;11.1;13.7;9.7;06:07;21:36;5.1;7.35;9.15;3.3;5.85;0.0;24.0;41;15.0;42.1;251;16.0
Brive-la-Gaillarde;45.15;1.53;06/06/2026;51;P10;Pluie faible;16.8;9.9;16.2;8.8;06:07;21:37;6.7;7.25;3.0;1.8;1.2;0.0;15.0;27;9.9;28.4;192;17.42
Brive-la-Gaillarde;45.15;1.53;07/06/2026;63;P10;Pluie;14.4;10.9;12.6;8.3;06:07;21:38;5.25;7.0;28.5;6.6;21.9;0.0;21.0;19;21.2;55.4;233;14.86
Brive-la-Gaillarde;45.15;1.53;08/06/2026;53;P10;Pluie faible;17.9;9.5;17.1;7.6;06:06;21:39;5.55;7.2;3.3;0.6;2.7;0.0;21.0;17;16.8;45.0;268;21.45
Brive-la-Gaillarde;45.15;1.53;09/06/2026;51;P10;Pluie faible;18.0;10.1;18.1;9.9;06:06;21:39;4.85;7.25;0.3;0.3;0.0;0.0;3.0;22;4.8;25.6;139;18.57
Brive-la-Gaillarde;45.15;1.53;10/06/2026;51;P10;Pluie faible;17.5;12.6;17.1;12.4;06:06;21:40;7.4;7.35;1.5;0.3;1.2;0.0;15.0;20;14.8;43.6;259;17.26
Brive-la-Gaillarde;45.15;1.53;11/06/2026;2;P8;Éclaircies;21.1;9.6;21.9;9.1;06:06;21:40;5.85;7.3;0.0;0.0;0.0;0.0;0.0;22;7.0;27.7;12;27.79
Brive-la-Gaillarde;45.15;1.53;12/06/2026;3;P4;Nuageux;33.0;12.3;36.2;10.6;06:05;21:41;7.45;7.4;0.0;0.0;0.0;0.0;0.0;;10.5;24.1;87;29.14
Tulle;45.26;1.77;28/05/2026;2;P8;Éclaircies;34.0;13.8;34.1;14.1;06:10;21:29;7.55;7.6;0.0;0.0;0.0;0.0;0.0;0;15.3;34.6;29;28.61
Tulle;45.26;1.77;29/05/2026;3;P4;Nuageux;33.6;13.9;34.4;13.6;06:10;21:30;7.65;7.65;0.0;0.0;0.0;0.0;0.0;0;14.5;26.3;61;29.11
Tulle;45.26;1.77;30/05/2026;3;P4;Nuageux;28.7;14.3;31.2;13.9;06:09;21:31;7.55;7.65;0.0;0.0;0.0;0.0;0.0;5;12.1;20.9;233;24.67
Tulle;45.26;1.77;31/05/2026;3;P4;Nuageux;24.8;17.6;25.2;18.5;06:09;21:32;4.1;7.5;0.0;0.0;0.0;0.0;0.0;5;13.7;29.2;277;16.33
Tulle;45.26;1.77;01/06/2026;45;brouillards;Brouillard;25.2;11.7;25.3;11.7;06:08;21:33;7.7;7.7;0.0;0.0;0.0;0.0;0.0;3;12.2;25.9;287;24.84
Tulle;45.26;1.77;02/06/2026;80;P9;Averses;20.8;14.7;17.9;13.1;06:07;21:33;4.0;7.35;5.25;0.6;4.65;0.0;9.0;64;26.7;52.9;259;15.81
Tulle;45.26;1.77;03/06/2026;80;P9;Averses;17.4;12.8;16.2;11.9;06:07;21:34;6.85;7.3;0.9;0.0;0.9;0.0;6.0;46;18.9;33.8;237;9.06
Tulle;45.26;1.77;04/06/2026;80;P9;Averses;18.3;13.7;16.3;12.8;06:06;21:35;6.65;7.35;12.3;7.2;4.8;0.0;15.0;53;21.9;57.2;220;8.6
Tulle;45.26;1.77;05/06/2026;61;P10;Pluie;15.7;10.5;14.0;8.9;06:06;21:36;5.05;7.35;10.65;2.1;8.55;0.0;24.0;61;14.4;39.6;250;15.67
Tulle;45.26;1.77;06/06/2026;51;P10;Pluie faible;15.8;9.4;15.1;8.4;06:06;21:37;6.65;7.3;3.3;1.8;1.5;0.0;21.0;31;12.2;30.6;198;18.26
Tulle;45.26;1.77;07/06/2026;63;P10;Pluie;12.6;10.1;11.3;7.0;06:05;21:37;5.6;7.0;39.6;7.8;31.8;0.0;21.0;24;22.6;53.6;235;12.38
Tulle;45.26;1.77;08/06/2026;55;P10;Pluie faible;15.9;8.8;14.5;6.1;06:05;21:38;5.85;7.2;7.2;3.6;3.6;0.0;21.0;14;19.7;46.8;264;18.11
Tulle;45.26;1.77;09/06/2026;51;P10;Pluie faible;17.0;10.0;16.9;9.7;06:05;21:39;5.5;7.3;0.3;0.3;0.0;0.0;3.0;25;6.8;27.4;187;19.02
Tulle;45.26;1.77;10/06/2026;61;P10;Pluie;15.7;12.2;15.7;11.8;06:04;21:39;7.35;7.4;18.9;1.5;17.4;0.0;21.0;22;14.4;44.3;242;16.17
Tulle;45.26;1.77;11/06/2026;3;P4;Nuageux;19.5;9.5;20.0;8.6;06:04;21:40;5.85;7.35;0.0;0.0;0.0;0.0;0.0;22;8.6;28.8;357;27.89
Tulle;45.26;1.77;12/06/2026;3;P4;Nuageux;32.3;11.0;34.6;9.2;06:04;21:40;7.45;7.45;0.0;0.0;0.0;0.0;0.0;;11.2;24.5;100;29.41
Guéret;46.17;1.87;28/05/2026;2;P8;Éclaircies;31.0;19.4;30.7;19.0;06:07;21:32;7.5;7.5;0.0;0.0;0.0;0.0;0.0;0;13.9;33.5;64;29.33
Guéret;46.17;1.87;29/05/2026;3;P4;Nuageux;31.0;19.2;29.5;18.4;06:06;21:33;7.35;7.6;0.0;0.0;0.0;0.0;0.0;0;17.2;38.5;102;29.08
Guéret;46.17;1.87;30/05/2026;3;P4;Nuageux;31.6;20.5;32.4;19.2;06:05;21:34;7.25;7.55;0.08;0.0;0.08;0.0;1.0;3;13.6;28.3;231;27.26
Guéret;46.17;1.87;31/05/2026;3;P4;Nuageux;23.5;15.9;22.8;15.7;06:05;21:35;6.5;7.5;0.0;0.0;0.0;0.0;0.0;2;17.9;35.3;272;17.34
Guéret;46.17;1.87;01/06/2026;3;P4;Nuageux;24.1;11.4;22.6;10.9;06:04;21:36;7.0;7.6;0.0;0.0;0.0;0.0;0.0;5;14.0;30.2;255;21.32
Guéret;46.17;1.87;02/06/2026;80;P9;Averses;19.8;14.0;16.1;11.4;06:04;21:36;4.85;7.3;6.6;4.2;2.7;0.0;6.0;71;28.4;59.8;252;17.42
Guéret;46.17;1.87;03/06/2026;61;P10;Pluie;16.8;11.7;14.0;9.6;06:03;21:37;5.1;7.25;1.2;1.2;0.0;0.0;3.0;50;21.8;47.9;236;11.68
Guéret;46.17;1.87;04/06/2026;80;P9;Averses;20.1;13.3;15.8;10.6;06:03;21:38;4.4;7.15;0.6;0.6;0.3;0.0;6.0;40;33.5;71.3;237;18.75
Guéret;46.17;1.87;05/06/2026;53;P10;Pluie faible;14.5;9.7;12.0;7.2;06:02;21:39;5.5;7.3;6.9;2.4;4.5;0.0;24.0;49;19.0;46.8;245;19.73
Guéret;46.17;1.87;06/06/2026;51;P10;Pluie faible;14.6;8.4;12.1;5.7;06:02;21:40;5.55;7.25;0.9;0.3;0.6;0.0;9.0;29;18.6;44.6;212;19.38
Guéret;46.17;1.87;07/06/2026;55;P10;Pluie faible;10.4;8.6;8.5;5.4;06:01;21:40;6.15;6.95;18.3;7.5;10.8;0.0;21.0;21;24.7;63.0;218;12.91
Guéret;46.17;1.87;08/06/2026;55;P10;Pluie faible;16.0;8.3;13.3;4.7;06:01;21:41;5.95;7.1;8.1;3.9;4.2;0.0;9.0;17;22.1;57.6;268;22.48
Guéret;46.17;1.87;09/06/2026;51;P10;Pluie faible;16.0;8.8;13.9;7.0;06:01;21:42;4.6;7.2;1.2;0.9;0.3;0.0;3.0;25;12.4;40.3;226;18.19
Guéret;46.17;1.87;10/06/2026;51;P10;Pluie faible;14.9;10.7;13.4;8.3;06:00;21:42;7.3;7.35;4.8;2.1;2.7;0.0;15.0;20;21.0;52.2;239;17.42
Guéret;46.17;1.87;11/06/2026;3;P4;Nuageux;17.9;9.1;17.6;8.3;06:00;21:43;4.35;7.25;0.0;0.0;0.0;0.0;0.0;17;10.6;33.1;6;26.45
Guéret;46.17;1.87;12/06/2026;1;P2;Éclaircies;31.2;10.1;31.9;8.0;06:00;21:44;7.35;7.35;0.0;0.0;0.0;0.0;0.0;;12.9;26.6;122;29.23
Périgueux;45.18;0.72;28/05/2026;2;P8;Éclaircies;36.3;16.4;36.3;17.5;06:15;21:33;7.45;7.55;0.0;0.0;0.0;0.0;0.0;0;16.1;30.6;56;29.12
Périgueux;45.18;0.72;29/05/2026;3;P4;Nuageux;35.1;16.0;34.4;16.2;06:14;21:34;7.55;7.6;0.0;0.0;0.0;0.0;0.0;0;13.1;29.2;78;28.98
Périgueux;45.18;0.72;30/05/2026;45;brouillards;Brouillard;30.9;14.4;33.7;13.5;06:14;21:35;7.45;7.65;0.0;0.0;0.0;0.0;0.0;0;12.9;25.6;239;24.69
Périgueux;45.18;0.72;31/05/2026;3;P4;Nuageux;26.8;17.7;27.0;19.2;06:13;21:36;6.55;7.55;0.0;0.0;0.0;0.0;0.0;3;15.5;28.1;276;17.6
Périgueux;45.18;0.72;01/06/2026;45;brouillards;Brouillard;26.7;14.7;26.9;15.6;06:12;21:37;7.6;7.65;0.0;0.0;0.0;0.0;0.0;3;13.9;26.3;282;22.24
Périgueux;45.18;0.72;02/06/2026;80;P9;Averses;22.7;15.4;20.7;15.2;06:12;21:37;6.7;7.4;3.9;0.3;3.3;0.0;6.0;58;24.3;50.4;264;17.97
Périgueux;45.18;0.72;03/06/2026;3;P4;Nuageux;18.8;13.6;17.8;13.3;06:11;21:38;5.65;7.3;0.0;0.0;0.0;0.0;0.0;38;17.1;36.0;228;6.47
Périgueux;45.18;0.72;04/06/2026;80;P9;Averses;21.4;14.9;18.6;14.6;06:11;21:39;4.6;7.25;2.7;0.9;1.8;0.0;9.0;58;24.8;59.4;243;12.65
Périgueux;45.18;0.72;05/06/2026;80;P9;Averses;17.2;11.4;15.6;10.1;06:11;21:40;4.15;7.25;5.4;1.5;3.9;0.0;21.0;44;14.3;42.8;250;17.64
Périgueux;45.18;0.72;06/06/2026;51;P10;Pluie faible;17.9;10.4;16.1;9.0;06:10;21:41;5.85;7.2;3.0;0.6;2.4;0.0;18.0;22;12.9;34.9;205;19.65
Périgueux;45.18;0.72;07/06/2026;53;P10;Pluie faible;15.1;11.4;12.9;8.8;06:10;21:41;4.95;7.0;9.0;3.6;5.4;0.0;21.0;15;25.9;60.1;251;19.47
Périgueux;45.18;0.72;08/06/2026;51;P10;Pluie faible;19.0;10.4;18.0;8.8;06:10;21:42;6.0;7.2;2.4;0.6;1.8;0.0;15.0;14;16.2;51.8;270;25.18
Périgueux;45.18;0.72;09/06/2026;51;P10;Pluie faible;18.6;9.9;18.4;9.3;06:09;21:43;5.3;7.25;0.3;0.0;0.3;0.0;3.0;22;7.2;33.1;166;20.0
Périgueux;45.18;0.72;10/06/2026;51;P10;Pluie faible;18.5;12.1;17.2;11.4;06:09;21:43;7.35;7.35;3.3;1.2;2.1;0.0;15.0;22;18.4;45.0;255;18.88
Périgueux;45.18;0.72;11/06/2026;3;P4;Nuageux;22.2;11.1;22.8;10.8;06:09;21:44;4.5;7.3;0.0;0.0;0.0;0.0;0.0;16;10.2;33.8;18;26.76
Périgueux;45.18;0.72;12/06/2026;1;P2;Éclaircies;32.9;12.6;36.1;10.9;06:09;21:44;7.4;7.4;0.0;0.0;0.0;0.0;0.0;;11.3;23.4;56;29.11
Bordeaux;44.83;-0.57;28/05/2026;2;P8;Éclaircies;35.5;21.5;37.4;23.6;06:21;21:37;7.35;7.4;0.0;0.0;0.0;0.0;0.0;3;10.3;19.4;18;29.1
Bordeaux;44.83;-0.57;29/05/2026;3;P4;Nuageux;34.5;20.9;36.2;21.2;06:21;21:38;7.4;7.45;0.0;0.0;0.0;0.0;0.0;0;14.1;27.4;40;28.39
Bordeaux;44.83;-0.57;30/05/2026;3;P4;Nuageux;27.1;19.9;29.7;21.0;06:20;21:39;7.5;7.5;0.0;0.0;0.0;0.0;0.0;0;17.3;34.9;250;26.39
Bordeaux;44.83;-0.57;31/05/2026;3;P4;Nuageux;26.0;17.8;26.4;18.0;06:19;21:40;6.65;7.4;0.0;0.0;0.0;0.0;0.0;0;16.8;36.0;286;22.74
Bordeaux;44.83;-0.57;01/06/2026;3;P4;Nuageux;25.8;15.5;26.9;16.5;06:19;21:40;7.5;7.5;0.0;0.0;0.0;0.0;0.0;3;15.6;33.8;275;19.74
Bordeaux;44.83;-0.57;02/06/2026;80;P9;Averses;22.0;16.5;19.8;15.9;06:18;21:41;7.45;7.3;1.5;0.3;1.2;0.0;3.0;45;25.0;51.9;267;19.29
Bordeaux;44.83;-0.57;03/06/2026;61;P10;Pluie;19.4;15.1;19.3;14.9;06:18;21:42;6.8;7.1;0.3;0.3;0.0;0.0;3.0;23;16.8;33.5;228;5.4
Bordeaux;44.83;-0.57;04/06/2026;80;P9;Averses;22.0;16.3;19.1;15.5;06:17;21:43;4.3;6.95;2.1;0.0;1.5;0.0;6.0;35;26.3;56.9;259;17.6
Bordeaux;44.83;-0.57;05/06/2026;53;P10;Pluie faible;18.3;12.2;16.8;11.6;06:17;21:44;4.9;7.05;5.85;0.75;5.1;0.0;21.0;37;14.9;46.4;256;22.95
Bordeaux;44.83;-0.57;06/06/2026;51;P10;Pluie faible;19.9;11.8;19.0;11.0;06:17;21:44;6.6;7.05;2.4;1.2;1.2;0.0;12.0;23;14.6;38.5;224;26.02
Bordeaux;44.83;-0.57;07/06/2026;55;P10;Pluie faible;16.4;11.9;13.8;10.1;06:16;21:45;5.9;6.85;12.3;5.1;7.2;0.0;21.0;16;22.3;60.1;271;19.77
Bordeaux;44.83;-0.57;08/06/2026;51;P10;Pluie faible;19.5;12.2;18.1;10.9;06:16;21:46;6.45;7.1;2.7;2.1;0.6;0.0;21.0;7;18.6;45.7;270;24.98
Bordeaux;44.83;-0.57;09/06/2026;3;P4;Nuageux;19.2;11.1;18.5;10.6;06:16;21:46;5.6;7.1;0.0;0.0;0.0;0.0;0.0;16;6.7;38.9;166;17.76
Bordeaux;44.83;-0.57;10/06/2026;51;P10;Pluie faible;19.5;13.0;18.3;12.8;06:15;21:47;7.05;7.2;3.0;1.2;1.8;0.0;18.0;18;17.3;43.6;267;23.32
Bordeaux;44.83;-0.57;11/06/2026;3;P4;Nuageux;22.9;12.6;24.0;12.5;06:15;21:47;5.0;7.2;0.0;0.0;0.0;0.0;0.0;15;9.0;35.3;21;27.77
Bordeaux;44.83;-0.57;12/06/2026;0;P1;Ensoleillé;34.3;14.1;36.3;13.1;06:15;21:48;7.25;7.25;0.0;0.0;0.0;0.0;0.0;;15.0;27.4;37;28.94
Mimizan;44.2;-1.23;28/05/2026;3;P4;Nuageux;34.9;19.0;33.5;21.1;06:26;21:37;7.35;7.35;0.0;0.0;0.0;0.0;0.0;0;13.7;29.9;19;28.64
Mimizan;44.2;-1.23;29/05/2026;3;P4;Nuageux;27.3;21.3;27.8;23.1;06:26;21:38;7.1;7.4;0.0;0.0;0.0;0.0;0.0;0;13.1;29.5;243;28.26
Mimizan;44.2;-1.23;30/05/2026;3;P4;Nuageux;24.4;20.4;25.1;21.3;06:25;21:39;7.45;7.45;0.0;0.0;0.0;0.0;0.0;0;13.0;29.9;251;21.77
Mimizan;44.2;-1.23;31/05/2026;3;P4;Nuageux;25.0;19.9;26.5;20.5;06:24;21:40;7.1;7.35;0.0;0.0;0.0;0.0;0.0;3;14.8;35.3;274;25.62
Mimizan;44.2;-1.23;01/06/2026;3;P4;Nuageux;26.3;18.2;27.7;18.7;06:24;21:41;7.45;7.5;0.0;0.0;0.0;0.0;0.0;15;16.3;36.0;320;26.07
Mimizan;44.2;-1.23;02/06/2026;51;P10;Pluie faible;20.8;16.5;20.1;15.6;06:23;21:42;7.4;7.35;3.6;0.9;2.7;0.0;15.0;39;22.2;51.8;279;20.24
Mimizan;44.2;-1.23;03/06/2026;51;P10;Pluie faible;21.5;14.9;21.4;14.4;06:23;21:42;7.1;7.15;2.4;2.1;0.3;0.0;15.0;23;19.7;46.4;263;25.62
Mimizan;44.2;-1.23;04/06/2026;55;P10;Pluie faible;17.9;13.9;17.1;12.1;06:22;21:43;5.9;7.0;12.6;6.6;6.0;0.0;24.0;35;22.9;49.0;263;4.99
Mimizan;44.2;-1.23;05/06/2026;53;P10;Pluie faible;18.0;13.1;16.0;12.1;06:22;21:44;6.2;7.1;8.4;2.7;5.7;0.0;18.0;29;19.1;49.3;277;23.31
Mimizan;44.2;-1.23;06/06/2026;53;P10;Pluie faible;20.0;11.6;19.6;10.8;06:22;21:45;6.85;7.1;9.3;4.5;4.8;0.0;18.0;29;13.2;37.8;239;25.6
Mimizan;44.2;-1.23;07/06/2026;55;P10;Pluie faible;15.8;11.9;13.5;9.4;06:21;21:45;6.8;6.85;18.0;4.2;13.8;0.0;24.0;29;29.4;66.6;276;18.42
Mimizan;44.2;-1.23;08/06/2026;55;P10;Pluie faible;18.5;12.9;17.4;10.7;06:21;21:46;7.05;7.05;9.6;0.3;9.3;0.0;21.0;23;22.3;56.9;294;26.18
Mimizan;44.2;-1.23;09/06/2026;51;P10;Pluie faible;19.5;10.5;19.3;9.7;06:21;21:47;6.85;7.1;0.3;0.3;0.0;0.0;3.0;23;11.0;33.5;58;18.28
Mimizan;44.2;-1.23;10/06/2026;51;P10;Pluie faible;18.7;14.8;18.0;13.9;06:21;21:47;7.15;7.2;5.1;2.1;3.0;0.0;21.0;29;22.0;50.8;281;26.61
Mimizan;44.2;-1.23;11/06/2026;3;P4;Nuageux;23.3;12.6;24.4;12.7;06:20;21:48;5.05;7.15;0.0;0.0;0.0;0.0;0.0;28;10.8;39.2;17;25.9
Mimizan;44.2;-1.23;12/06/2026;2;P8;Éclaircies;29.4;14.2;31.3;12.2;06:20;21:48;7.25;7.25;0.0;0.0;0.0;0.0;0.0;42;14.8;32.0;56;28.85
Mont-de-Marsan;43.89;-0.5;28/05/2026;3;P4;Nuageux;37.0;20.5;36.1;22.6;06:24;21:33;7.4;7.4;0.0;0.0;0.0;0.0;0.0;0;14.9;31.0;89;27.53
Mont-de-Marsan;43.89;-0.5;29/05/2026;3;P4;Nuageux;35.3;20.6;35.3;22.7;06:24;21:34;7.45;7.45;0.0;0.0;0.0;0.0;0.0;0;17.6;39.6;261;28.13
Mont-de-Marsan;43.89;-0.5;30/05/2026;3;P4;Nuageux;31.1;20.2;32.1;20.3;06:23;21:35;7.55;7.55;0.0;0.0;0.0;0.0;0.0;0;16.3;32.0;270;25.68
Mont-de-Marsan;43.89;-0.5;31/05/2026;3;P4;Nuageux;27.4;19.8;28.7;19.9;06:23;21:36;6.95;7.45;0.0;0.0;0.0;0.0;0.0;0;15.5;32.0;266;23.01
Mont-de-Marsan;43.89;-0.5;01/06/2026;3;P4;Nuageux;29.1;18.7;31.0;19.6;06:22;21:37;7.3;7.5;0.0;0.0;0.0;0.0;0.0;3;14.0;30.6;284;25.65
Mont-de-Marsan;43.89;-0.5;02/06/2026;51;P10;Pluie faible;23.4;16.1;21.3;15.8;06:22;21:38;4.4;7.3;1.2;0.6;0.6;0.0;3.0;30;20.8;49.0;268;19.41
Mont-de-Marsan;43.89;-0.5;03/06/2026;51;P10;Pluie faible;24.2;14.1;23.3;13.6;06:21;21:38;6.75;7.15;0.6;0.6;0.0;0.0;6.0;21;19.7;50.0;256;22.92
Mont-de-Marsan;43.89;-0.5;04/06/2026;53;P10;Pluie faible;19.1;13.1;17.9;12.1;06:21;21:39;5.55;7.1;6.6;3.9;2.7;0.0;9.0;30;15.4;44.3;261;8.29
Mont-de-Marsan;43.89;-0.5;05/06/2026;53;P10;Pluie faible;17.7;11.9;16.3;10.7;06:20;21:40;6.3;7.15;10.2;2.1;8.1;0.0;21.0;35;17.2;43.2;256;21.35
Mont-de-Marsan;43.89;-0.5;06/06/2026;51;P10;Pluie faible;20.3;11.1;20.7;9.8;06:20;21:41;6.85;7.1;1.5;1.2;0.3;0.0;15.0;37;13.3;35.6;224;26.15
Mont-de-Marsan;43.89;-0.5;07/06/2026;55;P10;Pluie faible;16.2;11.6;14.4;8.7;06:20;21:41;4.4;6.9;15.6;6.3;9.3;0.0;24.0;24;25.2;60.5;250;19.99
Mont-de-Marsan;43.89;-0.5;08/06/2026;53;P10;Pluie faible;18.0;11.0;16.2;8.5;06:19;21:42;3.85;7.0;10.5;3.9;6.6;0.0;15.0;23;20.2;48.2;260;23.09
Mont-de-Marsan;43.89;-0.5;09/06/2026;3;P4;Nuageux;21.3;10.0;21.8;9.4;06:19;21:43;6.85;7.15;0.0;0.0;0.0;0.0;0.0;16;8.2;33.5;101;21.64
Mont-de-Marsan;43.89;-0.5;10/06/2026;51;P10;Pluie faible;20.5;13.3;18.9;13.0;06:19;21:43;7.25;7.25;1.2;1.2;0.0;0.0;12.0;29;18.6;43.9;272;18.73
Mont-de-Marsan;43.89;-0.5;11/06/2026;1;P2;Éclaircies;22.8;10.9;23.7;10.6;06:19;21:44;6.4;7.2;0.0;0.0;0.0;0.0;0.0;36;12.7;37.4;127;26.76
Mont-de-Marsan;43.89;-0.5;12/06/2026;0;P1;Ensoleillé;35.6;14.4;39.3;12.7;06:19;21:44;7.25;7.25;0.0;0.0;0.0;0.0;0.0;42;12.2;27.0;91;28.79
Agen;44.2;0.61;28/05/2026;3;P4;Nuageux;35.5;18.2;37.5;20.3;06:19;21:30;7.45;7.45;0.0;0.0;0.0;0.0;0.0;0;16.1;27.4;31;28.89
Agen;44.2;0.61;29/05/2026;3;P4;Nuageux;35.1;17.9;37.2;18.5;06:18;21:31;7.45;7.45;0.0;0.0;0.0;0.0;0.0;0;10.0;16.2;348;29.2
Agen;44.2;0.61;30/05/2026;45;brouillards;Brouillard;30.9;18.5;34.1;20.0;06:18;21:32;7.55;7.55;0.0;0.0;0.0;0.0;0.0;0;15.9;31.3;274;23.73
Agen;44.2;0.61;31/05/2026;3;P4;Nuageux;26.2;18.3;26.8;19.3;06:17;21:33;6.35;7.4;0.0;0.0;0.0;0.0;0.0;0;14.7;28.8;292;17.81
Agen;44.2;0.61;01/06/2026;3;P4;Nuageux;27.2;14.7;27.9;15.5;06:16;21:33;7.35;7.55;0.0;0.0;0.0;0.0;0.0;1;11.5;22.7;310;22.82
Agen;44.2;0.61;02/06/2026;3;P4;Nuageux;23.9;15.9;20.7;14.9;06:16;21:34;3.35;7.0;1.8;0.3;1.5;0.0;3.0;30;28.2;51.8;274;15.52
Agen;44.2;0.61;03/06/2026;3;P4;Nuageux;20.5;14.2;19.6;13.6;06:15;21:35;7.0;7.15;0.0;0.0;0.0;0.0;0.0;20;20.2;37.8;254;11.63
Agen;44.2;0.61;04/06/2026;80;P9;Averses;22.2;16.0;19.8;15.0;06:15;21:36;6.35;7.15;2.1;0.3;1.8;0.0;9.0;28;24.9;46.1;256;8.37
Agen;44.2;0.61;05/06/2026;53;P10;Pluie faible;19.5;12.1;18.0;10.4;06:15;21:37;5.8;7.1;4.8;1.05;3.75;0.0;15.0;40;16.2;46.8;265;20.16
Agen;44.2;0.61;06/06/2026;51;P10;Pluie faible;19.6;11.3;20.2;10.1;06:14;21:37;6.8;7.1;1.2;0.0;1.2;0.0;12.0;22;13.6;32.0;207;24.06
Agen;44.2;0.61;07/06/2026;61;P10;Pluie;17.0;12.2;14.8;8.9;06:14;21:38;3.75;6.85;11.1;3.9;7.2;0.0;21.0;16;28.9;64.8;258;21.7
Agen;44.2;0.61;08/06/2026;51;P10;Pluie faible;19.0;11.0;17.7;7.7;06:14;21:39;5.5;7.0;3.9;1.5;2.4;0.0;21.0;10;23.3;56.5;274;24.34
Agen;44.2;0.61;09/06/2026;51;P10;Pluie faible;19.9;10.4;19.9;10.1;06:13;21:39;7.2;7.2;0.3;0.0;0.3;0.0;3.0;15;7.8;32.0;70;22.12
Agen;44.2;0.61;10/06/2026;51;P10;Pluie faible;20.5;13.2;19.6;13.1;06:13;21:40;7.25;7.25;2.1;1.8;0.3;0.0;21.0;20;17.7;40.7;268;19.39
Agen;44.2;0.61;11/06/2026;2;P8;Éclaircies;22.4;11.6;23.5;11.0;06:13;21:40;6.05;7.2;0.0;0.0;0.0;0.0;0.0;16;11.6;37.1;328;27.68
Agen;44.2;0.61;12/06/2026;3;P4;Nuageux;33.1;13.6;37.0;11.9;06:13;21:41;7.3;7.3;0.0;0.0;0.0;0.0;0.0;;14.0;28.8;80;28.8
Marmande;44.5;0.16;28/05/2026;3;P4;Nuageux;36.1;16.7;38.6;18.1;06:20;21:33;7.4;7.4;0.0;0.0;0.0;0.0;0.0;0;10.5;22.0;34;28.89
Marmande;44.5;0.16;29/05/2026;3;P4;Nuageux;35.6;16.5;36.6;17.1;06:19;21:34;7.3;7.45;0.0;0.0;0.0;0.0;0.0;0;12.9;21.6;25;28.92
Marmande;44.5;0.16;30/05/2026;45;brouillards;Brouillard;30.2;18.4;32.7;19.7;06:18;21:35;7.5;7.5;0.0;0.0;0.0;0.0;0.0;0;18.0;31.0;271;24.97
Marmande;44.5;0.16;31/05/2026;3;P4;Nuageux;26.3;17.9;26.4;18.1;06:18;21:35;6.65;7.4;0.0;0.0;0.0;0.0;0.0;0;16.4;29.2;287;21.11
Marmande;44.5;0.16;01/06/2026;45;brouillards;Brouillard;26.7;13.8;26.9;14.4;06:17;21:36;7.5;7.5;0.0;0.0;0.0;0.0;0.0;3;18.2;31.0;301;21.0
Marmande;44.5;0.16;02/06/2026;80;P9;Averses;22.9;15.6;20.3;14.5;06:17;21:37;6.2;7.2;2.4;0.3;2.1;0.0;6.0;38;29.2;53.6;270;18.55
Marmande;44.5;0.16;03/06/2026;3;P4;Nuageux;19.8;13.9;18.8;13.4;06:16;21:38;6.95;7.15;0.0;0.0;0.0;0.0;0.0;21;19.3;35.6;238;6.36
Marmande;44.5;0.16;04/06/2026;80;P9;Averses;21.3;15.1;18.7;14.2;06:16;21:39;5.05;7.0;3.6;1.2;2.1;0.0;12.0;25;28.4;52.9;250;12.17
Marmande;44.5;0.16;05/06/2026;51;P10;Pluie faible;18.5;11.9;17.2;10.5;06:15;21:39;3.7;7.05;4.5;2.1;2.4;0.0;15.0;29;17.9;43.6;263;23.58
Marmande;44.5;0.16;06/06/2026;51;P10;Pluie faible;17.5;11.6;18.1;10.4;06:15;21:40;6.55;7.05;3.0;1.8;1.2;0.0;18.0;22;18.3;36.7;218;25.35
Marmande;44.5;0.16;07/06/2026;61;P10;Pluie;16.4;12.2;13.3;9.2;06:15;21:41;5.0;6.85;16.5;5.4;11.1;0.0;21.0;15;28.1;61.6;251;18.75
Marmande;44.5;0.16;08/06/2026;51;P10;Pluie faible;19.1;11.4;18.4;8.7;06:14;21:42;4.75;6.95;2.1;1.2;0.9;0.0;15.0;12;20.9;55.8;271;25.66
Marmande;44.5;0.16;09/06/2026;51;P10;Pluie faible;18.3;9.8;17.9;9.4;06:14;21:42;6.55;7.1;0.9;0.3;0.6;0.0;3.0;12;7.4;35.3;92;17.5
Marmande;44.5;0.16;10/06/2026;51;P10;Pluie faible;20.3;12.8;19.3;12.5;06:14;21:43;7.2;7.2;2.1;1.5;0.6;0.0;15.0;22;17.5;40.7;277;22.62
Marmande;44.5;0.16;11/06/2026;3;P4;Nuageux;22.8;11.8;24.1;11.3;06:14;21:43;5.3;7.15;0.0;0.0;0.0;0.0;0.0;15;10.9;34.6;333;27.55
Marmande;44.5;0.16;12/06/2026;2;P8;Éclaircies;33.5;13.2;37.5;12.1;06:14;21:44;7.25;7.25;0.0;0.0;0.0;0.0;0.0;;12.5;25.2;64;28.71
Bayonne;43.49;-1.47;28/05/2026;3;P4;Nuageux;33.4;19.0;35.2;20.0;06:30;21:36;7.45;7.45;0.0;0.0;0.0;0.0;0.0;0;16.5;36.4;323;28.68
Bayonne;43.49;-1.47;29/05/2026;3;P4;Nuageux;24.9;20.2;25.9;20.7;06:29;21:37;7.15;7.45;0.0;0.0;0.0;0.0;0.0;0;16.7;32.4;279;26.04
Bayonne;43.49;-1.47;30/05/2026;3;P4;Nuageux;23.6;19.7;23.9;19.0;06:28;21:38;7.55;7.55;0.0;0.0;0.0;0.0;0.0;0;22.0;34.6;278;20.71
Bayonne;43.49;-1.47;31/05/2026;3;P4;Nuageux;22.5;19.2;23.3;18.1;06:28;21:38;6.65;7.5;0.0;0.0;0.0;0.0;0.0;8;25.2;39.2;271;25.91
Bayonne;43.49;-1.47;01/06/2026;3;P4;Nuageux;24.2;17.6;25.8;18.4;06:27;21:39;7.55;7.55;0.0;0.0;0.0;0.0;0.0;3;17.1;31.8;297;25.92
Bayonne;43.49;-1.47;02/06/2026;53;P10;Pluie faible;20.5;16.2;19.3;15.5;06:27;21:40;6.4;7.4;3.6;1.5;2.1;0.0;12.0;29;19.6;46.1;264;14.14
Bayonne;43.49;-1.47;03/06/2026;53;P10;Pluie faible;24.3;15.1;26.7;14.6;06:26;21:41;7.2;7.2;3.6;0.6;3.0;0.0;12.0;35;14.5;37.1;268;28.44
Bayonne;43.49;-1.47;04/06/2026;61;P10;Pluie;18.8;14.4;18.4;11.6;06:26;21:42;4.9;7.0;20.4;9.0;11.4;0.0;24.0;31;26.3;54.4;261;5.33
Bayonne;43.49;-1.47;05/06/2026;61;P10;Pluie;17.6;12.9;15.4;11.2;06:26;21:42;6.05;7.2;21.0;8.7;12.3;0.0;24.0;32;22.2;56.5;266;21.2
Bayonne;43.49;-1.47;06/06/2026;53;P10;Pluie faible;20.5;11.8;21.9;10.7;06:25;21:43;6.8;7.15;4.5;1.2;3.3;0.0;12.0;35;16.3;44.6;192;26.75
Bayonne;43.49;-1.47;07/06/2026;63;P10;Pluie;16.2;11.1;15.9;7.0;06:25;21:44;6.7;7.0;41.4;6.0;35.4;0.0;24.0;33;35.3;86.0;274;21.55
Bayonne;43.49;-1.47;08/06/2026;63;P10;Pluie;17.8;12.4;16.7;9.1;06:25;21:44;7.0;7.15;31.8;3.0;28.8;0.0;15.0;32;25.9;69.1;269;21.61
Bayonne;43.49;-1.47;09/06/2026;3;P4;Nuageux;20.4;10.5;21.4;9.3;06:24;21:45;7.25;7.25;0.0;0.0;0.0;0.0;0.0;26;10.3;28.4;137;22.0
Bayonne;43.49;-1.47;10/06/2026;51;P10;Pluie faible;19.0;14.9;18.0;14.0;06:24;21:45;7.3;7.3;3.0;1.2;1.8;0.0;18.0;32;19.1;46.8;273;19.63
Bayonne;43.49;-1.47;11/06/2026;3;P4;Nuageux;22.0;12.2;23.4;12.0;06:24;21:46;6.35;7.2;0.0;0.0;0.0;0.0;0.0;32;10.7;32.8;78;26.71
Bayonne;43.49;-1.47;12/06/2026;0;P1;Ensoleillé;27.1;14.9;30.7;13.2;06:24;21:47;7.25;7.3;0.0;0.0;0.0;0.0;0.0;36;14.7;25.2;104;28.54
Oloron-Sainte-Marie;43.19;-0.6;28/05/2026;3;P4;Nuageux;35.3;16.4;32.5;16.8;06:27;21:31;7.5;7.5;0.0;0.0;0.0;0.0;0.0;0;17.3;35.3;69;28.79
Oloron-Sainte-Marie;43.19;-0.6;29/05/2026;3;P4;Nuageux;31.7;17.8;32.5;19.5;06:26;21:32;7.55;7.55;0.0;0.0;0.0;0.0;0.0;0;18.1;33.5;336;27.48
Oloron-Sainte-Marie;43.19;-0.6;30/05/2026;3;P4;Nuageux;30.0;18.3;31.2;19.5;06:26;21:33;7.05;7.6;0.0;0.0;0.0;0.0;0.0;0;16.4;31.1;321;25.4
Oloron-Sainte-Marie;43.19;-0.6;31/05/2026;3;P4;Nuageux;25.5;18.1;25.4;18.2;06:25;21:34;4.3;7.45;0.0;0.0;0.0;0.0;0.0;0;15.9;33.1;300;21.71
Oloron-Sainte-Marie;43.19;-0.6;01/06/2026;3;P4;Nuageux;28.8;17.3;30.3;17.1;06:25;21:35;7.6;7.6;0.0;0.0;0.0;0.0;0.0;0;13.0;26.3;324;27.51
Oloron-Sainte-Marie;43.19;-0.6;02/06/2026;51;P10;Pluie faible;20.5;14.9;19.2;14.0;06:24;21:36;3.55;7.15;0.3;0.0;0.3;0.0;3.0;12;19.0;40.0;260;17.25
Oloron-Sainte-Marie;43.19;-0.6;03/06/2026;51;P10;Pluie faible;23.4;12.5;25.4;11.2;06:24;21:36;7.3;7.3;0.3;0.3;0.0;0.0;3.0;20;12.4;31.3;285;29.85
Oloron-Sainte-Marie;43.19;-0.6;04/06/2026;53;P10;Pluie faible;17.9;11.7;17.7;9.5;06:24;21:37;7.05;7.3;7.8;4.2;3.6;0.0;24.0;33;19.6;42.5;238;4.44
Oloron-Sainte-Marie;43.19;-0.6;05/06/2026;53;P10;Pluie faible;15.9;10.9;14.0;8.8;06:23;21:38;6.8;7.3;4.5;2.1;2.4;0.0;21.0;35;17.9;40.7;257;19.17
Oloron-Sainte-Marie;43.19;-0.6;06/06/2026;51;P10;Pluie faible;18.0;10.4;18.2;9.2;06:23;21:38;6.95;7.2;0.6;0.0;0.6;0.0;6.0;32;13.7;27.0;144;25.05
Oloron-Sainte-Marie;43.19;-0.6;07/06/2026;55;P10;Pluie faible;15.1;10.1;14.3;7.0;06:23;21:39;3.85;6.95;15.6;5.1;10.5;0.0;21.0;29;22.4;56.9;269;20.8
Oloron-Sainte-Marie;43.19;-0.6;08/06/2026;53;P10;Pluie faible;16.1;9.8;14.7;6.5;06:22;21:40;7.0;7.25;6.6;4.5;2.1;0.0;21.0;35;21.6;52.2;254;20.85
Oloron-Sainte-Marie;43.19;-0.6;09/06/2026;51;P10;Pluie faible;20.8;8.3;21.8;6.6;06:22;21:40;7.35;7.35;0.6;0.6;0.0;0.0;6.0;36;7.7;27.4;124;24.64
Oloron-Sainte-Marie;43.19;-0.6;10/06/2026;51;P10;Pluie faible;17.8;12.4;15.9;12.0;06:22;21:41;7.35;7.35;1.8;1.2;0.6;0.0;18.0;42;17.9;38.2;268;15.22
Oloron-Sainte-Marie;43.19;-0.6;11/06/2026;3;P4;Nuageux;20.7;11.1;20.6;11.0;06:22;21:41;6.85;7.3;0.0;0.0;0.0;0.0;0.0;58;10.8;33.8;68;25.65
Oloron-Sainte-Marie;43.19;-0.6;12/06/2026;1;P2;Éclaircies;33.0;12.5;36.5;11.7;06:22;21:42;7.4;7.4;0.0;0.0;0.0;0.0;0.0;52;8.5;21.6;81;29.05
Pau;43.3;-0.37;28/05/2026;1;P2;Éclaircies;34.3;16.7;34.8;16.4;06:26;21:31;7.5;7.5;0.0;0.0;0.0;0.0;0.0;0;15.9;31.7;86;29.51
Pau;43.3;-0.37;29/05/2026;3;P4;Nuageux;30.7;16.8;34.1;17.4;06:25;21:32;7.5;7.5;0.0;0.0;0.0;0.0;0.0;0;12.9;25.2;316;28.85
Pau;43.3;-0.37;30/05/2026;3;P4;Nuageux;26.8;17.3;29.6;18.4;06:25;21:32;7.05;7.6;0.0;0.0;0.0;0.0;0.0;0;17.8;36.8;293;24.91
Pau;43.3;-0.37;31/05/2026;3;P4;Nuageux;21.5;17.0;21.4;17.0;06:24;21:33;4.75;7.4;0.0;0.0;0.0;0.0;0.0;0;13.0;29.9;288;11.43
Pau;43.3;-0.37;01/06/2026;3;P4;Nuageux;25.1;16.0;26.2;16.6;06:24;21:34;7.45;7.6;0.0;0.0;0.0;0.0;0.0;0;10.5;23.4;304;17.9
Pau;43.3;-0.37;02/06/2026;80;P9;Averses;19.0;15.8;18.2;14.8;06:23;21:35;3.15;7.15;0.15;0.0;0.15;0.0;3.0;13;21.2;43.4;269;8.08
Pau;43.3;-0.37;03/06/2026;3;P4;Nuageux;21.4;14.5;21.0;13.3;06:23;21:36;7.3;7.3;0.0;0.0;0.0;0.0;0.0;15;13.2;26.6;276;16.88
Pau;43.3;-0.37;04/06/2026;61;P10;Pluie;18.2;16.0;19.8;14.9;06:22;21:36;6.95;7.25;8.7;7.8;1.2;0.0;12.0;33;17.7;35.3;263;4.14
Pau;43.3;-0.37;05/06/2026;51;P10;Pluie faible;16.8;11.4;15.2;9.2;06:22;21:37;6.65;7.25;5.7;2.25;3.45;0.0;21.0;47;19.0;44.3;265;19.36
Pau;43.3;-0.37;06/06/2026;51;P10;Pluie faible;19.5;10.9;20.9;9.7;06:21;21:38;6.95;7.15;0.6;0.0;0.6;0.0;6.0;33;15.1;27.4;116;26.33
Pau;43.3;-0.37;07/06/2026;53;P10;Pluie faible;16.0;11.2;13.9;8.1;06:21;21:39;3.25;6.9;12.0;4.5;7.5;0.0;21.0;23;25.0;65.2;267;21.54
Pau;43.3;-0.37;08/06/2026;53;P10;Pluie faible;17.1;10.6;15.5;7.4;06:21;21:39;7.05;7.2;6.6;3.3;3.3;0.0;21.0;15;22.8;54.7;257;21.65
Pau;43.3;-0.37;09/06/2026;51;P10;Pluie faible;22.4;9.4;24.4;8.0;06:21;21:40;7.3;7.3;0.6;0.0;0.6;0.0;6.0;12;7.6;28.8;96;24.89
Pau;43.3;-0.37;10/06/2026;51;P10;Pluie faible;18.7;12.8;17.1;12.3;06:20;21:40;7.3;7.3;1.2;0.6;0.6;0.0;12.0;22;17.2;42.8;276;16.47
Pau;43.3;-0.37;11/06/2026;3;P4;Nuageux;21.6;11.0;22.8;10.8;06:20;21:41;6.85;7.25;0.0;0.0;0.0;0.0;0.0;20;9.5;35.6;66;27.12
Pau;43.3;-0.37;12/06/2026;0;P1;Ensoleillé;33.3;13.9;36.8;12.5;06:20;21:41;7.4;7.35;0.0;0.0;0.0;0.0;0.0;;10.5;22.7;79;28.81
Niort;46.32;-0.46;28/05/2026;3;P4;Nuageux;35.9;18.4;38.3;19.6;06:15;21:42;7.45;7.45;0.0;0.0;0.0;0.0;0.0;13;13.0;22.0;60;28.64
Niort;46.32;-0.46;29/05/2026;3;P4;Nuageux;35.5;19.8;35.1;20.1;06:15;21:43;7.1;7.5;0.0;0.0;0.0;0.0;0.0;0;11.0;23.0;78;27.06
Niort;46.32;-0.46;30/05/2026;3;P4;Nuageux;31.8;17.9;34.5;18.8;06:14;21:44;7.2;7.5;0.0;0.0;0.0;0.0;0.0;0;19.0;36.5;239;28.21
Niort;46.32;-0.46;31/05/2026;3;P4;Nuageux;24.8;15.7;23.5;15.5;06:13;21:45;6.7;7.5;0.0;0.0;0.0;0.0;0.0;3;16.4;31.7;301;21.77
Niort;46.32;-0.46;01/06/2026;45;brouillards;Brouillard;24.9;14.9;23.9;16.1;06:13;21:46;7.55;7.55;0.0;0.0;0.0;0.0;0.0;5;23.1;42.8;264;22.69
Niort;46.32;-0.46;02/06/2026;80;P9;Averses;20.9;15.8;17.8;14.6;06:12;21:46;6.45;7.35;6.9;2.7;4.2;0.0;6.0;72;30.6;55.8;260;19.99
Niort;46.32;-0.46;03/06/2026;80;P9;Averses;19.4;14.2;18.6;13.7;06:12;21:47;2.7;7.1;2.4;0.3;1.8;0.0;15.0;40;22.4;46.4;223;6.27
Niort;46.32;-0.46;04/06/2026;80;P9;Averses;19.5;15.1;17.6;13.9;06:11;21:48;6.85;7.15;3.6;0.0;3.6;0.0;15.0;50;32.7;70.6;247;19.42
Niort;46.32;-0.46;05/06/2026;51;P10;Pluie faible;17.2;11.8;15.3;10.8;06:11;21:49;3.6;7.15;2.7;1.35;1.35;0.0;15.0;35;19.9;47.9;249;23.53
Niort;46.32;-0.46;06/06/2026;51;P10;Pluie faible;17.1;10.3;15.2;9.2;06:10;21:50;6.45;7.15;4.8;1.2;3.6;0.0;18.0;22;13.9;44.6;211;24.04
Niort;46.32;-0.46;07/06/2026;61;P10;Pluie;15.7;11.1;13.1;9.4;06:10;21:50;6.8;6.9;25.5;10.5;15.0;0.0;21.0;20;20.7;51.1;280;16.2
Niort;46.32;-0.46;08/06/2026;51;P10;Pluie faible;19.0;10.9;17.3;9.3;06:10;21:51;6.5;7.1;1.5;0.9;0.6;0.0;9.0;18;20.4;46.4;275;24.83
Niort;46.32;-0.46;09/06/2026;51;P10;Pluie faible;16.5;11.4;15.5;11.0;06:09;21:52;1.25;7.05;2.1;1.5;0.6;0.0;21.0;18;9.7;42.1;220;12.77
Niort;46.32;-0.46;10/06/2026;51;P10;Pluie faible;19.8;13.2;18.2;12.6;06:09;21:52;7.0;7.25;4.5;2.7;1.8;0.0;15.0;14;16.7;36.7;301;21.99
Niort;46.32;-0.46;11/06/2026;3;P4;Nuageux;21.4;10.8;22.8;10.1;06:09;21:53;3.55;7.2;0.0;0.0;0.0;0.0;0.0;17;7.5;29.5;39;28.48
Niort;46.32;-0.46;12/06/2026;1;P2;Éclaircies;32.3;13.4;33.3;11.5;06:09;21:54;7.3;7.3;0.0;0.0;0.0;0.0;0.0;;18.4;25.9;171;29.26
Poitiers;46.58;0.34;28/05/2026;2;P8;Éclaircies;34.6;19.2;36.1;20.6;06:11;21:40;7.4;7.4;0.0;0.0;0.0;0.0;0.0;5;10.2;25.6;73;28.89
Poitiers;46.58;0.34;29/05/2026;3;P4;Nuageux;34.2;19.6;34.2;20.6;06:11;21:41;7.35;7.5;0.0;0.0;0.0;0.0;0.0;0;10.1;24.1;95;27.27
Poitiers;46.58;0.34;30/05/2026;3;P4;Nuageux;32.7;20.2;34.4;20.9;06:10;21:42;7.45;7.45;0.0;0.0;0.0;0.0;0.0;3;15.9;33.7;226;25.85
Poitiers;46.58;0.34;31/05/2026;3;P4;Nuageux;24.7;15.0;24.0;14.2;06:09;21:42;6.6;7.45;0.0;0.0;0.0;0.0;0.0;3;13.6;29.2;307;21.77
Poitiers;46.58;0.34;01/06/2026;3;P4;Nuageux;25.3;14.3;24.0;14.8;06:09;21:43;7.4;7.5;0.0;0.0;0.0;0.0;0.0;3;16.9;36.7;261;22.79
Poitiers;46.58;0.34;02/06/2026;80;P9;Averses;22.0;15.4;19.0;13.8;06:08;21:44;7.15;7.3;7.5;4.8;2.7;0.0;6.0;55;29.0;54.7;251;21.03
Poitiers;46.58;0.34;03/06/2026;80;P9;Averses;19.2;13.1;16.8;12.1;06:08;21:45;2.7;7.1;0.9;0.3;0.6;0.0;6.0;36;22.2;44.3;222;7.93
Poitiers;46.58;0.34;04/06/2026;80;P9;Averses;20.3;14.5;16.2;12.8;06:07;21:46;6.45;7.1;1.5;0.0;1.5;0.0;3.0;45;34.6;70.9;238;19.56
Poitiers;46.58;0.34;05/06/2026;51;P10;Pluie faible;18.0;11.1;15.5;9.8;06:07;21:47;6.15;7.1;1.35;0.0;1.35;0.0;15.0;38;19.9;49.3;248;22.22
Poitiers;46.58;0.34;06/06/2026;53;P10;Pluie faible;17.5;9.9;15.4;8.3;06:06;21:48;5.55;7.0;3.6;1.2;2.4;0.0;12.0;24;18.0;48.6;212;24.87
Poitiers;46.58;0.34;07/06/2026;55;P10;Pluie faible;14.8;10.5;12.6;8.3;06:06;21:48;4.2;6.9;17.7;7.2;10.5;0.0;21.0;14;22.4;49.7;293;14.4
Poitiers;46.58;0.34;08/06/2026;53;P10;Pluie faible;18.5;10.4;16.1;8.4;06:05;21:49;4.85;7.0;2.1;1.2;0.9;0.0;9.0;20;19.8;49.3;273;23.22
Poitiers;46.58;0.34;09/06/2026;51;P10;Pluie faible;16.4;10.4;16.1;9.3;06:05;21:50;2.7;7.05;2.4;1.5;0.9;0.0;15.0;14;11.2;39.6;234;12.96
Poitiers;46.58;0.34;10/06/2026;53;P10;Pluie faible;18.8;12.3;17.0;11.4;06:05;21:50;7.2;7.2;6.6;1.5;5.1;0.0;21.0;16;16.4;38.9;294;21.19
Poitiers;46.58;0.34;11/06/2026;3;P4;Nuageux;20.6;10.4;21.6;9.5;06:05;21:51;4.2;7.2;0.0;0.0;0.0;0.0;0.0;18;9.8;31.3;339;28.78
Poitiers;46.58;0.34;12/06/2026;1;P2;Éclaircies;33.2;12.2;33.5;10.8;06:04;21:51;7.25;7.25;0.0;0.0;0.0;0.0;0.0;;16.9;28.1;202;29.23
Limoges;45.83;1.26;28/05/2026;1;P2;Éclaircies;33.9;16.9;34.4;17.5;06:10;21:33;7.55;7.55;0.0;0.0;0.0;0.0;0.0;0;12.4;34.2;46;28.84
Limoges;45.83;1.26;29/05/2026;3;P4;Nuageux;33.5;17.2;32.3;17.4;06:10;21:34;7.55;7.6;0.0;0.0;0.0;0.0;0.0;0;13.6;31.7;68;28.67
Limoges;45.83;1.26;30/05/2026;3;P4;Nuageux;31.4;16.7;33.3;17.0;06:09;21:35;7.3;7.6;0.0;0.0;0.0;0.0;0.0;0;13.9;30.1;239;27.43
Limoges;45.83;1.26;31/05/2026;3;P4;Nuageux;24.7;16.7;25.5;17.5;06:08;21:36;4.15;7.5;0.0;0.0;0.0;0.0;0.0;0;15.5;34.2;276;15.86
Limoges;45.83;1.26;01/06/2026;3;P4;Nuageux;25.4;13.8;24.9;14.0;06:08;21:37;7.55;7.65;0.0;0.0;0.0;0.0;0.0;3;13.9;28.4;279;23.33
Limoges;45.83;1.26;02/06/2026;80;P9;Averses;21.1;14.3;18.1;12.3;06:07;21:38;5.0;7.25;7.2;2.4;4.5;0.0;9.0;65;28.5;55.5;260;18.68
Limoges;45.83;1.26;03/06/2026;3;P4;Nuageux;17.3;12.9;15.2;11.6;06:07;21:39;4.9;7.25;0.3;0.0;0.3;0.0;3.0;35;22.1;38.9;231;9.27
Limoges;45.83;1.26;04/06/2026;61;P10;Pluie;20.4;13.7;16.5;12.0;06:06;21:39;4.25;7.15;1.8;0.6;1.2;0.0;6.0;53;35.1;65.9;238;18.33
Limoges;45.83;1.26;05/06/2026;53;P10;Pluie faible;14.8;11.0;13.1;9.0;06:06;21:40;4.75;7.25;7.05;2.55;4.5;0.0;21.0;43;16.1;43.9;251;17.22
Limoges;45.83;1.26;06/06/2026;51;P10;Pluie faible;16.0;9.4;14.2;7.6;06:05;21:41;6.5;7.2;2.4;0.6;1.8;0.0;18.0;28;15.7;38.5;198;16.68
Limoges;45.83;1.26;07/06/2026;53;P10;Pluie faible;13.4;10.1;10.6;7.0;06:05;21:42;5.8;6.95;12.0;5.4;6.6;0.0;21.0;20;23.3;61.9;221;17.22
Limoges;45.83;1.26;08/06/2026;53;P10;Pluie faible;17.8;9.2;15.2;6.1;06:05;21:42;5.05;7.1;3.0;2.4;0.6;0.0;9.0;19;22.3;52.6;271;22.38
Limoges;45.83;1.26;09/06/2026;51;P10;Pluie faible;16.9;9.4;15.1;8.3;06:04;21:43;3.15;7.15;0.9;0.3;0.6;0.0;3.0;19;8.6;36.7;208;16.85
Limoges;45.83;1.26;10/06/2026;61;P10;Pluie;16.8;11.9;16.1;10.1;06:04;21:44;7.2;7.35;17.7;3.3;14.4;0.0;21.0;24;19.4;47.9;232;15.09
Limoges;45.83;1.26;11/06/2026;3;P4;Nuageux;20.4;9.3;21.4;8.6;06:04;21:44;5.85;7.3;0.0;0.0;0.0;0.0;0.0;18;8.8;29.5;7;27.72
Limoges;45.83;1.26;12/06/2026;1;P2;Éclaircies;32.4;11.6;34.5;9.5;06:04;21:45;7.35;7.4;0.0;0.0;0.0;0.0;0.0;;11.9;23.4;83;29.23
